,source_id,dt,costs,dt_dia,dt_mes
0,1,2017-06-01,75.2,2017-06-01,2017-06-01
1,1,2017-06-02,62.25,2017-06-02,2017-06-01
2,1,2017-06-03,36.53,2017-06-03,2017-06-01
3,1,2017-06-04,55.0,2017-06-04,2017-06-01
4,1,2017-06-05,57.08,2017-06-05,2017-06-01
5,1,2017-06-06,40.39,2017-06-06,2017-06-01
6,1,2017-06-07,40.59,2017-06-07,2017-06-01
7,1,2017-06-08,56.63,2017-06-08,2017-06-01
8,1,2017-06-09,40.16,2017-06-09,2017-06-01
9,1,2017-06-10,43.24,2017-06-10,2017-06-01
10,1,2017-06-11,21.68,2017-06-11,2017-06-01
11,1,2017-06-12,27.48,2017-06-12,2017-06-01
12,1,2017-06-13,44.66,2017-06-13,2017-06-01
13,1,2017-06-14,30.7,2017-06-14,2017-06-01
14,1,2017-06-15,39.71,2017-06-15,2017-06-01
15,1,2017-06-16,39.1,2017-06-16,2017-06-01
16,1,2017-06-17,21.41,2017-06-17,2017-06-01
17,1,2017-06-18,50.04,2017-06-18,2017-06-01
18,1,2017-06-19,25.08,2017-06-19,2017-06-01
19,1,2017-06-20,25.37,2017-06-20,2017-06-01
20,1,2017-06-21,22.6,2017-06-21,2017-06-01
21,1,2017-06-22,21.68,2017-06-22,2017-06-01
22,1,2017-06-23,28.6,2017-06-23,2017-06-01
23,1,2017-06-24,10.72,2017-06-24,2017-06-01
24,1,2017-06-25,22.03,2017-06-25,2017-06-01
25,1,2017-06-26,31.91,2017-06-26,2017-06-01
26,1,2017-06-27,47.73,2017-06-27,2017-06-01
27,1,2017-06-28,38.48,2017-06-28,2017-06-01
28,1,2017-06-29,32.58,2017-06-29,2017-06-01
29,1,2017-06-30,36.98,2017-06-30,2017-06-01
30,1,2017-07-01,5.8,2017-07-01,2017-07-01
31,1,2017-07-02,27.99,2017-07-02,2017-07-01
32,1,2017-07-03,21.56,2017-07-03,2017-07-01
33,1,2017-07-04,37.63,2017-07-04,2017-07-01
34,1,2017-07-05,22.11,2017-07-05,2017-07-01
35,1,2017-07-06,23.32,2017-07-06,2017-07-01
36,1,2017-07-07,47.25,2017-07-07,2017-07-01
37,1,2017-07-08,32.26,2017-07-08,2017-07-01
38,1,2017-07-09,54.94,2017-07-09,2017-07-01
39,1,2017-07-10,30.69,2017-07-10,2017-07-01
40,1,2017-07-11,24.08,2017-07-11,2017-07-01
41,1,2017-07-12,53.53,2017-07-12,2017-07-01
42,1,2017-07-13,34.52,2017-07-13,2017-07-01
43,1,2017-07-14,63.52,2017-07-14,2017-07-01
44,1,2017-07-15,52.47,2017-07-15,2017-07-01
45,1,2017-07-16,34.02,2017-07-16,2017-07-01
46,1,2017-07-17,90.87,2017-07-17,2017-07-01
47,1,2017-07-18,54.31,2017-07-18,2017-07-01
48,1,2017-07-19,46.85,2017-07-19,2017-07-01
49,1,2017-07-20,28.46,2017-07-20,2017-07-01
50,1,2017-07-21,36.25,2017-07-21,2017-07-01
51,1,2017-07-22,20.98,2017-07-22,2017-07-01
52,1,2017-07-23,28.1,2017-07-23,2017-07-01
53,1,2017-07-24,48.58,2017-07-24,2017-07-01
54,1,2017-07-25,13.31,2017-07-25,2017-07-01
55,1,2017-07-26,27.38,2017-07-26,2017-07-01
56,1,2017-07-27,9.92,2017-07-27,2017-07-01
57,1,2017-07-28,23.5,2017-07-28,2017-07-01
58,1,2017-07-29,12.6,2017-07-29,2017-07-01
59,1,2017-07-30,34.96,2017-07-30,2017-07-01
60,1,2017-07-31,31.12,2017-07-31,2017-07-01
61,1,2017-08-01,44.65,2017-08-01,2017-08-01
62,1,2017-08-02,25.47,2017-08-02,2017-08-01
63,1,2017-08-03,19.96,2017-08-03,2017-08-01
64,1,2017-08-04,23.08,2017-08-04,2017-08-01
65,1,2017-08-05,26.49,2017-08-05,2017-08-01
66,1,2017-08-06,13.21,2017-08-06,2017-08-01
67,1,2017-08-07,27.78,2017-08-07,2017-08-01
68,1,2017-08-08,33.71,2017-08-08,2017-08-01
69,1,2017-08-09,19.67,2017-08-09,2017-08-01
70,1,2017-08-10,32.73,2017-08-10,2017-08-01
71,1,2017-08-11,29.93,2017-08-11,2017-08-01
72,1,2017-08-12,16.04,2017-08-12,2017-08-01
73,1,2017-08-13,17.01,2017-08-13,2017-08-01
74,1,2017-08-14,45.75,2017-08-14,2017-08-01
75,1,2017-08-15,34.63,2017-08-15,2017-08-01
76,1,2017-08-16,22.07,2017-08-16,2017-08-01
77,1,2017-08-17,50.77,2017-08-17,2017-08-01
78,1,2017-08-18,31.57,2017-08-18,2017-08-01
79,1,2017-08-19,23.2,2017-08-19,2017-08-01
80,1,2017-08-20,37.04,2017-08-20,2017-08-01
81,1,2017-08-21,25.09,2017-08-21,2017-08-01
82,1,2017-08-22,32.48,2017-08-22,2017-08-01
83,1,2017-08-23,22.42,2017-08-23,2017-08-01
84,1,2017-08-24,33.88,2017-08-24,2017-08-01
85,1,2017-08-25,26.18,2017-08-25,2017-08-01
86,1,2017-08-26,30.38,2017-08-26,2017-08-01
87,1,2017-08-27,46.25,2017-08-27,2017-08-01
88,1,2017-08-28,50.07,2017-08-28,2017-08-01
89,1,2017-08-29,28.25,2017-08-29,2017-08-01
90,1,2017-08-30,43.79,2017-08-30,2017-08-01
91,1,2017-08-31,38.26,2017-08-31,2017-08-01
92,1,2017-09-01,40.28,2017-09-01,2017-09-01
93,1,2017-09-02,26.16,2017-09-02,2017-09-01
94,1,2017-09-03,24.95,2017-09-03,2017-09-01
95,1,2017-09-04,36.48,2017-09-04,2017-09-01
96,1,2017-09-05,48.53,2017-09-05,2017-09-01
97,1,2017-09-06,61.1,2017-09-06,2017-09-01
98,1,2017-09-07,29.06,2017-09-07,2017-09-01
99,1,2017-09-08,53.66,2017-09-08,2017-09-01
100,1,2017-09-09,41.98,2017-09-09,2017-09-01
101,1,2017-09-10,22.83,2017-09-10,2017-09-01
102,1,2017-09-11,48.02,2017-09-11,2017-09-01
103,1,2017-09-12,31.75,2017-09-12,2017-09-01
104,1,2017-09-13,49.61,2017-09-13,2017-09-01
105,1,2017-09-14,54.86,2017-09-14,2017-09-01
106,1,2017-09-15,49.8,2017-09-15,2017-09-01
107,1,2017-09-16,30.24,2017-09-16,2017-09-01
108,1,2017-09-17,45.97,2017-09-17,2017-09-01
109,1,2017-09-18,61.06,2017-09-18,2017-09-01
110,1,2017-09-19,45.41,2017-09-19,2017-09-01
111,1,2017-09-20,75.74,2017-09-20,2017-09-01
112,1,2017-09-21,55.05,2017-09-21,2017-09-01
113,1,2017-09-22,58.6,2017-09-22,2017-09-01
114,1,2017-09-23,18.34,2017-09-23,2017-09-01
115,1,2017-09-24,31.84,2017-09-24,2017-09-01
116,1,2017-09-25,86.61,2017-09-25,2017-09-01
117,1,2017-09-26,68.59,2017-09-26,2017-09-01
118,1,2017-09-27,86.83,2017-09-27,2017-09-01
119,1,2017-09-28,75.52,2017-09-28,2017-09-01
120,1,2017-09-29,84.04,2017-09-29,2017-09-01
121,1,2017-09-30,59.1,2017-09-30,2017-09-01
122,1,2017-10-01,57.14,2017-10-01,2017-10-01
123,1,2017-10-02,86.51,2017-10-02,2017-10-01
124,1,2017-10-03,78.73,2017-10-03,2017-10-01
125,1,2017-10-04,90.78,2017-10-04,2017-10-01
126,1,2017-10-05,85.21,2017-10-05,2017-10-01
127,1,2017-10-06,76.57,2017-10-06,2017-10-01
128,1,2017-10-07,72.02,2017-10-07,2017-10-01
129,1,2017-10-08,42.54,2017-10-08,2017-10-01
130,1,2017-10-09,89.25,2017-10-09,2017-10-01
131,1,2017-10-10,56.04,2017-10-10,2017-10-01
132,1,2017-10-11,63.58,2017-10-11,2017-10-01
133,1,2017-10-12,106.59,2017-10-12,2017-10-01
134,1,2017-10-13,78.87,2017-10-13,2017-10-01
135,1,2017-10-14,55.8,2017-10-14,2017-10-01
136,1,2017-10-15,49.88,2017-10-15,2017-10-01
137,1,2017-10-16,64.75,2017-10-16,2017-10-01
138,1,2017-10-17,46.35,2017-10-17,2017-10-01
139,1,2017-10-18,66.2,2017-10-18,2017-10-01
140,1,2017-10-19,67.95,2017-10-19,2017-10-01
141,1,2017-10-20,125.68,2017-10-20,2017-10-01
142,1,2017-10-21,65.58,2017-10-21,2017-10-01
143,1,2017-10-22,60.25,2017-10-22,2017-10-01
144,1,2017-10-23,70.44,2017-10-23,2017-10-01
145,1,2017-10-24,124.55,2017-10-24,2017-10-01
146,1,2017-10-25,61.38,2017-10-25,2017-10-01
147,1,2017-10-26,106.66,2017-10-26,2017-10-01
148,1,2017-10-27,62.53,2017-10-27,2017-10-01
149,1,2017-10-28,55.19,2017-10-28,2017-10-01
150,1,2017-10-29,78.69,2017-10-29,2017-10-01
151,1,2017-10-30,97.1,2017-10-30,2017-10-01
152,1,2017-10-31,72.94,2017-10-31,2017-10-01
153,1,2017-11-01,69.03,2017-11-01,2017-11-01
154,1,2017-11-02,98.15,2017-11-02,2017-11-01
155,1,2017-11-03,77.4,2017-11-03,2017-11-01
156,1,2017-11-04,48.34,2017-11-04,2017-11-01
157,1,2017-11-05,60.5,2017-11-05,2017-11-01
158,1,2017-11-06,65.54,2017-11-06,2017-11-01
159,1,2017-11-07,78.5,2017-11-07,2017-11-01
160,1,2017-11-08,74.46,2017-11-08,2017-11-01
161,1,2017-11-09,63.55,2017-11-09,2017-11-01
162,1,2017-11-10,65.79,2017-11-10,2017-11-01
163,1,2017-11-11,77.93,2017-11-11,2017-11-01
164,1,2017-11-12,73.18,2017-11-12,2017-11-01
165,1,2017-11-13,115.58,2017-11-13,2017-11-01
166,1,2017-11-14,61.88,2017-11-14,2017-11-01
167,1,2017-11-15,64.81,2017-11-15,2017-11-01
168,1,2017-11-16,97.95,2017-11-16,2017-11-01
169,1,2017-11-17,97.08,2017-11-17,2017-11-01
170,1,2017-11-18,89.38,2017-11-18,2017-11-01
171,1,2017-11-19,40.22,2017-11-19,2017-11-01
172,1,2017-11-20,77.1,2017-11-20,2017-11-01
173,1,2017-11-21,49.84,2017-11-21,2017-11-01
174,1,2017-11-22,72.41,2017-11-22,2017-11-01
175,1,2017-11-23,112.96,2017-11-23,2017-11-01
176,1,2017-11-24,245.75,2017-11-24,2017-11-01
177,1,2017-11-25,116.21,2017-11-25,2017-11-01
178,1,2017-11-26,46.36,2017-11-26,2017-11-01
179,1,2017-11-27,75.91,2017-11-27,2017-11-01
180,1,2017-11-28,84.19,2017-11-28,2017-11-01
181,1,2017-11-29,79.11,2017-11-29,2017-11-01
182,1,2017-11-30,66.05,2017-11-30,2017-11-01
183,1,2017-12-01,55.1,2017-12-01,2017-12-01
184,1,2017-12-02,63.1,2017-12-02,2017-12-01
185,1,2017-12-03,69.72,2017-12-03,2017-12-01
186,1,2017-12-04,75.08,2017-12-04,2017-12-01
187,1,2017-12-05,123.17,2017-12-05,2017-12-01
188,1,2017-12-06,95.2,2017-12-06,2017-12-01
189,1,2017-12-07,57.39,2017-12-07,2017-12-01
190,1,2017-12-08,86.1,2017-12-08,2017-12-01
191,1,2017-12-09,41.62,2017-12-09,2017-12-01
192,1,2017-12-10,94.17,2017-12-10,2017-12-01
193,1,2017-12-11,102.23,2017-12-11,2017-12-01
194,1,2017-12-12,78.76,2017-12-12,2017-12-01
195,1,2017-12-13,72.29,2017-12-13,2017-12-01
196,1,2017-12-14,63.48,2017-12-14,2017-12-01
197,1,2017-12-15,89.68,2017-12-15,2017-12-01
198,1,2017-12-16,115.35,2017-12-16,2017-12-01
199,1,2017-12-17,59.59,2017-12-17,2017-12-01
200,1,2017-12-18,87.79,2017-12-18,2017-12-01
201,1,2017-12-19,91.65,2017-12-19,2017-12-01
202,1,2017-12-20,67.61,2017-12-20,2017-12-01
203,1,2017-12-21,99.91,2017-12-21,2017-12-01
204,1,2017-12-22,90.16,2017-12-22,2017-12-01
205,1,2017-12-23,55.53,2017-12-23,2017-12-01
206,1,2017-12-24,40.65,2017-12-24,2017-12-01
207,1,2017-12-25,88.39,2017-12-25,2017-12-01
208,1,2017-12-26,102.8,2017-12-26,2017-12-01
209,1,2017-12-27,59.0,2017-12-27,2017-12-01
210,1,2017-12-28,40.7,2017-12-28,2017-12-01
211,1,2017-12-29,78.58,2017-12-29,2017-12-01
212,1,2017-12-30,56.74,2017-12-30,2017-12-01
213,1,2017-12-31,39.66,2017-12-31,2017-12-01
214,1,2018-01-01,82.86,2018-01-01,2018-01-01
215,1,2018-01-02,70.96,2018-01-02,2018-01-01
216,1,2018-01-03,88.77,2018-01-03,2018-01-01
217,1,2018-01-04,83.95,2018-01-04,2018-01-01
218,1,2018-01-05,77.45,2018-01-05,2018-01-01
219,1,2018-01-06,47.29,2018-01-06,2018-01-01
220,1,2018-01-07,63.5,2018-01-07,2018-01-01
221,1,2018-01-08,30.97,2018-01-08,2018-01-01
222,1,2018-01-09,54.71,2018-01-09,2018-01-01
223,1,2018-01-10,81.81,2018-01-10,2018-01-01
224,1,2018-01-11,79.24,2018-01-11,2018-01-01
225,1,2018-01-12,54.48,2018-01-12,2018-01-01
226,1,2018-01-13,36.75,2018-01-13,2018-01-01
227,1,2018-01-14,53.25,2018-01-14,2018-01-01
228,1,2018-01-15,96.79,2018-01-15,2018-01-01
229,1,2018-01-16,82.05,2018-01-16,2018-01-01
230,1,2018-01-17,52.93,2018-01-17,2018-01-01
231,1,2018-01-18,31.47,2018-01-18,2018-01-01
232,1,2018-01-19,89.01,2018-01-19,2018-01-01
233,1,2018-01-20,50.77,2018-01-20,2018-01-01
234,1,2018-01-21,59.89,2018-01-21,2018-01-01
235,1,2018-01-22,87.81,2018-01-22,2018-01-01
236,1,2018-01-23,70.27,2018-01-23,2018-01-01
237,1,2018-01-24,83.17,2018-01-24,2018-01-01
238,1,2018-01-25,61.46,2018-01-25,2018-01-01
239,1,2018-01-26,68.03,2018-01-26,2018-01-01
240,1,2018-01-27,71.26,2018-01-27,2018-01-01
241,1,2018-01-28,61.7,2018-01-28,2018-01-01
242,1,2018-01-29,98.53,2018-01-29,2018-01-01
243,1,2018-01-30,117.35,2018-01-30,2018-01-01
244,1,2018-01-31,97.7,2018-01-31,2018-01-01
245,1,2018-02-01,104.67,2018-02-01,2018-02-01
246,1,2018-02-02,78.98,2018-02-02,2018-02-01
247,1,2018-02-03,51.0,2018-02-03,2018-02-01
248,1,2018-02-04,49.93,2018-02-04,2018-02-01
249,1,2018-02-05,80.3,2018-02-05,2018-02-01
250,1,2018-02-06,54.15,2018-02-06,2018-02-01
251,1,2018-02-07,87.95,2018-02-07,2018-02-01
252,1,2018-02-08,49.97,2018-02-08,2018-02-01
253,1,2018-02-09,90.23,2018-02-09,2018-02-01
254,1,2018-02-10,66.7,2018-02-10,2018-02-01
255,1,2018-02-11,88.5,2018-02-11,2018-02-01
256,1,2018-02-12,91.64,2018-02-12,2018-02-01
257,1,2018-02-13,112.28,2018-02-13,2018-02-01
258,1,2018-02-14,103.04,2018-02-14,2018-02-01
259,1,2018-02-15,129.46,2018-02-15,2018-02-01
260,1,2018-02-16,57.28,2018-02-16,2018-02-01
261,1,2018-02-17,50.57,2018-02-17,2018-02-01
262,1,2018-02-18,60.41,2018-02-18,2018-02-01
263,1,2018-02-19,93.1,2018-02-19,2018-02-01
264,1,2018-02-20,81.51,2018-02-20,2018-02-01
265,1,2018-02-21,77.12,2018-02-21,2018-02-01
266,1,2018-02-22,99.56,2018-02-22,2018-02-01
267,1,2018-02-23,76.71,2018-02-23,2018-02-01
268,1,2018-02-24,74.39,2018-02-24,2018-02-01
269,1,2018-02-25,72.7,2018-02-25,2018-02-01
270,1,2018-02-26,77.29,2018-02-26,2018-02-01
271,1,2018-02-27,89.24,2018-02-27,2018-02-01
272,1,2018-02-28,55.8,2018-02-28,2018-02-01
273,1,2018-03-01,68.14,2018-03-01,2018-03-01
274,1,2018-03-02,76.1,2018-03-02,2018-03-01
275,1,2018-03-03,39.55,2018-03-03,2018-03-01
276,1,2018-03-04,48.04,2018-03-04,2018-03-01
277,1,2018-03-05,80.71,2018-03-05,2018-03-01
278,1,2018-03-06,76.26,2018-03-06,2018-03-01
279,1,2018-03-07,55.27,2018-03-07,2018-03-01
280,1,2018-03-08,56.41,2018-03-08,2018-03-01
281,1,2018-03-09,62.35,2018-03-09,2018-03-01
282,1,2018-03-10,48.78,2018-03-10,2018-03-01
283,1,2018-03-11,49.35,2018-03-11,2018-03-01
284,1,2018-03-12,64.66,2018-03-12,2018-03-01
285,1,2018-03-13,97.46,2018-03-13,2018-03-01
286,1,2018-03-14,70.02,2018-03-14,2018-03-01
287,1,2018-03-15,56.05,2018-03-15,2018-03-01
288,1,2018-03-16,50.22,2018-03-16,2018-03-01
289,1,2018-03-17,18.37,2018-03-17,2018-03-01
290,1,2018-03-18,50.77,2018-03-18,2018-03-01
291,1,2018-03-19,57.07,2018-03-19,2018-03-01
292,1,2018-03-20,69.43,2018-03-20,2018-03-01
293,1,2018-03-21,80.4,2018-03-21,2018-03-01
294,1,2018-03-22,102.05,2018-03-22,2018-03-01
295,1,2018-03-23,59.97,2018-03-23,2018-03-01
296,1,2018-03-24,78.98,2018-03-24,2018-03-01
297,1,2018-03-25,87.7,2018-03-25,2018-03-01
298,1,2018-03-26,69.98,2018-03-26,2018-03-01
299,1,2018-03-27,108.24,2018-03-27,2018-03-01
300,1,2018-03-28,63.78,2018-03-28,2018-03-01
301,1,2018-03-29,40.0,2018-03-29,2018-03-01
302,1,2018-03-30,6.98,2018-03-30,2018-03-01
303,1,2018-04-02,15.67,2018-04-02,2018-04-01
304,1,2018-04-03,42.96,2018-04-03,2018-04-01
305,1,2018-04-04,55.59,2018-04-04,2018-04-01
306,1,2018-04-05,43.52,2018-04-05,2018-04-01
307,1,2018-04-06,54.06,2018-04-06,2018-04-01
308,1,2018-04-07,44.17,2018-04-07,2018-04-01
309,1,2018-04-08,28.57,2018-04-08,2018-04-01
310,1,2018-04-09,21.56,2018-04-09,2018-04-01
311,1,2018-04-10,41.21,2018-04-10,2018-04-01
312,1,2018-04-11,42.23,2018-04-11,2018-04-01
313,1,2018-04-12,54.32,2018-04-12,2018-04-01
314,1,2018-04-13,61.05,2018-04-13,2018-04-01
315,1,2018-04-14,27.15,2018-04-14,2018-04-01
316,1,2018-04-15,37.02,2018-04-15,2018-04-01
317,1,2018-04-16,34.66,2018-04-16,2018-04-01
318,1,2018-04-17,48.96,2018-04-17,2018-04-01
319,1,2018-04-18,67.16,2018-04-18,2018-04-01
320,1,2018-04-19,81.98,2018-04-19,2018-04-01
321,1,2018-04-20,45.84,2018-04-20,2018-04-01
322,1,2018-04-21,53.71,2018-04-21,2018-04-01
323,1,2018-04-22,53.66,2018-04-22,2018-04-01
324,1,2018-04-23,41.57,2018-04-23,2018-04-01
325,1,2018-04-24,35.06,2018-04-24,2018-04-01
326,1,2018-04-25,69.61,2018-04-25,2018-04-01
327,1,2018-04-26,72.51,2018-04-26,2018-04-01
328,1,2018-04-27,39.27,2018-04-27,2018-04-01
329,1,2018-04-28,74.23,2018-04-28,2018-04-01
330,1,2018-04-29,27.32,2018-04-29,2018-04-01
331,1,2018-04-30,12.87,2018-04-30,2018-04-01
332,1,2018-05-01,27.64,2018-05-01,2018-05-01
333,1,2018-05-02,33.07,2018-05-02,2018-05-01
334,1,2018-05-03,41.27,2018-05-03,2018-05-01
335,1,2018-05-04,64.44,2018-05-04,2018-05-01
336,1,2018-05-05,19.2,2018-05-05,2018-05-01
337,1,2018-05-06,52.91,2018-05-06,2018-05-01
338,1,2018-05-07,34.86,2018-05-07,2018-05-01
339,1,2018-05-08,20.5,2018-05-08,2018-05-01
340,1,2018-05-09,28.16,2018-05-09,2018-05-01
341,1,2018-05-10,37.55,2018-05-10,2018-05-01
342,1,2018-05-11,33.21,2018-05-11,2018-05-01
343,1,2018-05-12,34.69,2018-05-12,2018-05-01
344,1,2018-05-13,32.28,2018-05-13,2018-05-01
345,1,2018-05-14,64.38,2018-05-14,2018-05-01
346,1,2018-05-15,47.0,2018-05-15,2018-05-01
347,1,2018-05-16,66.39,2018-05-16,2018-05-01
348,1,2018-05-17,57.07,2018-05-17,2018-05-01
349,1,2018-05-18,49.19,2018-05-18,2018-05-01
350,1,2018-05-19,48.37,2018-05-19,2018-05-01
351,1,2018-05-20,29.76,2018-05-20,2018-05-01
352,1,2018-05-21,40.3,2018-05-21,2018-05-01
353,1,2018-05-22,33.08,2018-05-22,2018-05-01
354,1,2018-05-23,36.25,2018-05-23,2018-05-01
355,1,2018-05-24,53.93,2018-05-24,2018-05-01
356,1,2018-05-25,29.89,2018-05-25,2018-05-01
357,1,2018-05-26,33.56,2018-05-26,2018-05-01
358,1,2018-05-27,30.89,2018-05-27,2018-05-01
359,1,2018-05-28,54.47,2018-05-28,2018-05-01
360,1,2018-05-29,61.13,2018-05-29,2018-05-01
361,1,2018-05-30,130.47,2018-05-30,2018-05-01
362,1,2018-05-31,141.7,2018-05-31,2018-05-01
363,2,2017-06-01,132.56,2017-06-01,2017-06-01
364,2,2017-06-02,132.38,2017-06-02,2017-06-01
365,2,2017-06-03,77.2,2017-06-03,2017-06-01
366,2,2017-06-04,79.08,2017-06-04,2017-06-01
367,2,2017-06-05,108.96,2017-06-05,2017-06-01
368,2,2017-06-06,167.81,2017-06-06,2017-06-01
369,2,2017-06-07,92.62,2017-06-07,2017-06-01
370,2,2017-06-08,114.05,2017-06-08,2017-06-01
371,2,2017-06-09,83.96,2017-06-09,2017-06-01
372,2,2017-06-10,35.95,2017-06-10,2017-06-01
373,2,2017-06-11,49.79,2017-06-11,2017-06-01
374,2,2017-06-12,50.5,2017-06-12,2017-06-01
375,2,2017-06-13,47.08,2017-06-13,2017-06-01
376,2,2017-06-14,40.66,2017-06-14,2017-06-01
377,2,2017-06-15,72.09,2017-06-15,2017-06-01
378,2,2017-06-16,53.27,2017-06-16,2017-06-01
379,2,2017-06-17,45.56,2017-06-17,2017-06-01
380,2,2017-06-18,49.47,2017-06-18,2017-06-01
381,2,2017-06-19,58.54,2017-06-19,2017-06-01
382,2,2017-06-20,94.2,2017-06-20,2017-06-01
383,2,2017-06-21,102.7,2017-06-21,2017-06-01
384,2,2017-06-22,86.15,2017-06-22,2017-06-01
385,2,2017-06-23,49.09,2017-06-23,2017-06-01
386,2,2017-06-24,54.51,2017-06-24,2017-06-01
387,2,2017-06-25,60.33,2017-06-25,2017-06-01
388,2,2017-06-26,96.14,2017-06-26,2017-06-01
389,2,2017-06-27,79.26,2017-06-27,2017-06-01
390,2,2017-06-28,108.52,2017-06-28,2017-06-01
391,2,2017-06-29,117.28,2017-06-29,2017-06-01
392,2,2017-06-30,87.67,2017-06-30,2017-06-01
393,2,2017-07-01,61.77,2017-07-01,2017-07-01
394,2,2017-07-02,43.28,2017-07-02,2017-07-01
395,2,2017-07-03,91.52,2017-07-03,2017-07-01
396,2,2017-07-04,88.26,2017-07-04,2017-07-01
397,2,2017-07-05,58.95,2017-07-05,2017-07-01
398,2,2017-07-06,52.27,2017-07-06,2017-07-01
399,2,2017-07-07,80.34,2017-07-07,2017-07-01
400,2,2017-07-08,79.89,2017-07-08,2017-07-01
401,2,2017-07-09,64.23,2017-07-09,2017-07-01
402,2,2017-07-10,66.23,2017-07-10,2017-07-01
403,2,2017-07-11,108.81,2017-07-11,2017-07-01
404,2,2017-07-12,95.68,2017-07-12,2017-07-01
405,2,2017-07-13,88.51,2017-07-13,2017-07-01
406,2,2017-07-14,124.0,2017-07-14,2017-07-01
407,2,2017-07-15,96.34,2017-07-15,2017-07-01
408,2,2017-07-16,73.94,2017-07-16,2017-07-01
409,2,2017-07-17,196.68,2017-07-17,2017-07-01
410,2,2017-07-18,80.87,2017-07-18,2017-07-01
411,2,2017-07-19,73.14,2017-07-19,2017-07-01
412,2,2017-07-20,62.1,2017-07-20,2017-07-01
413,2,2017-07-21,78.24,2017-07-21,2017-07-01
414,2,2017-07-22,79.86,2017-07-22,2017-07-01
415,2,2017-07-23,41.43,2017-07-23,2017-07-01
416,2,2017-07-24,62.56,2017-07-24,2017-07-01
417,2,2017-07-25,56.9,2017-07-25,2017-07-01
418,2,2017-07-26,67.83,2017-07-26,2017-07-01
419,2,2017-07-27,53.35,2017-07-27,2017-07-01
420,2,2017-07-28,59.86,2017-07-28,2017-07-01
421,2,2017-07-29,23.74,2017-07-29,2017-07-01
422,2,2017-07-30,54.72,2017-07-30,2017-07-01
423,2,2017-07-31,67.81,2017-07-31,2017-07-01
424,2,2017-08-01,84.42,2017-08-01,2017-08-01
425,2,2017-08-02,54.21,2017-08-02,2017-08-01
426,2,2017-08-03,46.52,2017-08-03,2017-08-01
427,2,2017-08-04,70.81,2017-08-04,2017-08-01
428,2,2017-08-05,44.31,2017-08-05,2017-08-01
429,2,2017-08-06,28.67,2017-08-06,2017-08-01
430,2,2017-08-07,32.72,2017-08-07,2017-08-01
431,2,2017-08-08,56.98,2017-08-08,2017-08-01
432,2,2017-08-09,35.91,2017-08-09,2017-08-01
433,2,2017-08-10,55.19,2017-08-10,2017-08-01
434,2,2017-08-11,45.89,2017-08-11,2017-08-01
435,2,2017-08-12,36.05,2017-08-12,2017-08-01
436,2,2017-08-13,42.78,2017-08-13,2017-08-01
437,2,2017-08-14,55.77,2017-08-14,2017-08-01
438,2,2017-08-15,52.23,2017-08-15,2017-08-01
439,2,2017-08-16,88.73,2017-08-16,2017-08-01
440,2,2017-08-17,97.53,2017-08-17,2017-08-01
441,2,2017-08-18,51.7,2017-08-18,2017-08-01
442,2,2017-08-19,50.1,2017-08-19,2017-08-01
443,2,2017-08-20,50.96,2017-08-20,2017-08-01
444,2,2017-08-21,59.69,2017-08-21,2017-08-01
445,2,2017-08-22,52.39,2017-08-22,2017-08-01
446,2,2017-08-23,68.44,2017-08-23,2017-08-01
447,2,2017-08-24,54.21,2017-08-24,2017-08-01
448,2,2017-08-25,58.65,2017-08-25,2017-08-01
449,2,2017-08-26,45.69,2017-08-26,2017-08-01
450,2,2017-08-27,59.08,2017-08-27,2017-08-01
451,2,2017-08-28,74.89,2017-08-28,2017-08-01
452,2,2017-08-29,69.44,2017-08-29,2017-08-01
453,2,2017-08-30,77.47,2017-08-30,2017-08-01
454,2,2017-08-31,109.62,2017-08-31,2017-08-01
455,2,2017-09-01,65.27,2017-09-01,2017-09-01
456,2,2017-09-02,57.95,2017-09-02,2017-09-01
457,2,2017-09-03,75.83,2017-09-03,2017-09-01
458,2,2017-09-04,55.43,2017-09-04,2017-09-01
459,2,2017-09-05,96.44,2017-09-05,2017-09-01
460,2,2017-09-06,136.21,2017-09-06,2017-09-01
461,2,2017-09-07,94.66,2017-09-07,2017-09-01
462,2,2017-09-08,98.74,2017-09-08,2017-09-01
463,2,2017-09-09,62.03,2017-09-09,2017-09-01
464,2,2017-09-10,80.49,2017-09-10,2017-09-01
465,2,2017-09-11,82.77,2017-09-11,2017-09-01
466,2,2017-09-12,81.64,2017-09-12,2017-09-01
467,2,2017-09-13,113.53,2017-09-13,2017-09-01
468,2,2017-09-14,99.72,2017-09-14,2017-09-01
469,2,2017-09-15,58.03,2017-09-15,2017-09-01
470,2,2017-09-16,77.42,2017-09-16,2017-09-01
471,2,2017-09-17,77.3,2017-09-17,2017-09-01
472,2,2017-09-18,103.36,2017-09-18,2017-09-01
473,2,2017-09-19,93.57,2017-09-19,2017-09-01
474,2,2017-09-20,80.13,2017-09-20,2017-09-01
475,2,2017-09-21,140.29,2017-09-21,2017-09-01
476,2,2017-09-22,96.75,2017-09-22,2017-09-01
477,2,2017-09-23,75.39,2017-09-23,2017-09-01
478,2,2017-09-24,106.94,2017-09-24,2017-09-01
479,2,2017-09-25,174.67,2017-09-25,2017-09-01
480,2,2017-09-26,109.95,2017-09-26,2017-09-01
481,2,2017-09-27,149.61,2017-09-27,2017-09-01
482,2,2017-09-28,151.35,2017-09-28,2017-09-01
483,2,2017-09-29,170.09,2017-09-29,2017-09-01
484,2,2017-09-30,120.1,2017-09-30,2017-09-01
485,2,2017-10-01,90.53,2017-10-01,2017-10-01
486,2,2017-10-02,177.67,2017-10-02,2017-10-01
487,2,2017-10-03,165.71,2017-10-03,2017-10-01
488,2,2017-10-04,204.96,2017-10-04,2017-10-01
489,2,2017-10-05,145.18,2017-10-05,2017-10-01
490,2,2017-10-06,272.59,2017-10-06,2017-10-01
491,2,2017-10-07,161.63,2017-10-07,2017-10-01
492,2,2017-10-08,133.42,2017-10-08,2017-10-01
493,2,2017-10-09,152.23,2017-10-09,2017-10-01
494,2,2017-10-10,133.24,2017-10-10,2017-10-01
495,2,2017-10-11,162.05,2017-10-11,2017-10-01
496,2,2017-10-12,197.27,2017-10-12,2017-10-01
497,2,2017-10-13,213.09,2017-10-13,2017-10-01
498,2,2017-10-14,131.73,2017-10-14,2017-10-01
499,2,2017-10-15,125.95,2017-10-15,2017-10-01
500,2,2017-10-16,138.79,2017-10-16,2017-10-01
501,2,2017-10-17,145.7,2017-10-17,2017-10-01
502,2,2017-10-18,124.34,2017-10-18,2017-10-01
503,2,2017-10-19,154.09,2017-10-19,2017-10-01
504,2,2017-10-20,201.57,2017-10-20,2017-10-01
505,2,2017-10-21,145.0,2017-10-21,2017-10-01
506,2,2017-10-22,165.84,2017-10-22,2017-10-01
507,2,2017-10-23,119.32,2017-10-23,2017-10-01
508,2,2017-10-24,116.4,2017-10-24,2017-10-01
509,2,2017-10-25,201.39,2017-10-25,2017-10-01
510,2,2017-10-26,131.85,2017-10-26,2017-10-01
511,2,2017-10-27,178.17,2017-10-27,2017-10-01
512,2,2017-10-28,129.0,2017-10-28,2017-10-01
513,2,2017-10-29,137.8,2017-10-29,2017-10-01
514,2,2017-10-30,188.63,2017-10-30,2017-10-01
515,2,2017-10-31,99.86,2017-10-31,2017-10-01
516,2,2017-11-01,204.4,2017-11-01,2017-11-01
517,2,2017-11-02,218.45,2017-11-02,2017-11-01
518,2,2017-11-03,159.16,2017-11-03,2017-11-01
519,2,2017-11-04,134.45,2017-11-04,2017-11-01
520,2,2017-11-05,196.33,2017-11-05,2017-11-01
521,2,2017-11-06,125.58,2017-11-06,2017-11-01
522,2,2017-11-07,125.18,2017-11-07,2017-11-01
523,2,2017-11-08,171.77,2017-11-08,2017-11-01
524,2,2017-11-09,121.06,2017-11-09,2017-11-01
525,2,2017-11-10,160.6,2017-11-10,2017-11-01
526,2,2017-11-11,133.35,2017-11-11,2017-11-01
527,2,2017-11-12,119.54,2017-11-12,2017-11-01
528,2,2017-11-13,175.9,2017-11-13,2017-11-01
529,2,2017-11-14,150.53,2017-11-14,2017-11-01
530,2,2017-11-15,107.63,2017-11-15,2017-11-01
531,2,2017-11-16,272.25,2017-11-16,2017-11-01
532,2,2017-11-17,153.89,2017-11-17,2017-11-01
533,2,2017-11-18,124.52,2017-11-18,2017-11-01
534,2,2017-11-19,185.27,2017-11-19,2017-11-01
535,2,2017-11-20,207.91,2017-11-20,2017-11-01
536,2,2017-11-21,167.37,2017-11-21,2017-11-01
537,2,2017-11-22,126.59,2017-11-22,2017-11-01
538,2,2017-11-23,161.19,2017-11-23,2017-11-01
539,2,2017-11-24,507.09,2017-11-24,2017-11-01
540,2,2017-11-25,238.81,2017-11-25,2017-11-01
541,2,2017-11-26,184.69,2017-11-26,2017-11-01
542,2,2017-11-27,160.79,2017-11-27,2017-11-01
543,2,2017-11-28,199.55,2017-11-28,2017-11-01
544,2,2017-11-29,110.41,2017-11-29,2017-11-01
545,2,2017-11-30,143.42,2017-11-30,2017-11-01
546,2,2017-12-01,193.39,2017-12-01,2017-12-01
547,2,2017-12-02,121.91,2017-12-02,2017-12-01
548,2,2017-12-03,146.74,2017-12-03,2017-12-01
549,2,2017-12-04,179.38,2017-12-04,2017-12-01
550,2,2017-12-05,142.95,2017-12-05,2017-12-01
551,2,2017-12-06,160.62,2017-12-06,2017-12-01
552,2,2017-12-07,224.42,2017-12-07,2017-12-01
553,2,2017-12-08,176.55,2017-12-08,2017-12-01
554,2,2017-12-09,128.35,2017-12-09,2017-12-01
555,2,2017-12-10,164.37,2017-12-10,2017-12-01
556,2,2017-12-11,208.46,2017-12-11,2017-12-01
557,2,2017-12-12,222.31,2017-12-12,2017-12-01
558,2,2017-12-13,138.29,2017-12-13,2017-12-01
559,2,2017-12-14,213.38,2017-12-14,2017-12-01
560,2,2017-12-15,179.36,2017-12-15,2017-12-01
561,2,2017-12-16,169.75,2017-12-16,2017-12-01
562,2,2017-12-17,152.38,2017-12-17,2017-12-01
563,2,2017-12-18,130.33,2017-12-18,2017-12-01
564,2,2017-12-19,166.4,2017-12-19,2017-12-01
565,2,2017-12-20,122.19,2017-12-20,2017-12-01
566,2,2017-12-21,108.06,2017-12-21,2017-12-01
567,2,2017-12-22,90.53,2017-12-22,2017-12-01
568,2,2017-12-23,145.14,2017-12-23,2017-12-01
569,2,2017-12-24,131.91,2017-12-24,2017-12-01
570,2,2017-12-25,176.2,2017-12-25,2017-12-01
571,2,2017-12-26,181.8,2017-12-26,2017-12-01
572,2,2017-12-27,144.42,2017-12-27,2017-12-01
573,2,2017-12-28,195.88,2017-12-28,2017-12-01
574,2,2017-12-29,133.01,2017-12-29,2017-12-01
575,2,2017-12-30,158.27,2017-12-30,2017-12-01
576,2,2017-12-31,91.05,2017-12-31,2017-12-01
577,2,2018-01-01,113.13,2018-01-01,2018-01-01
578,2,2018-01-02,146.25,2018-01-02,2018-01-01
579,2,2018-01-03,137.03,2018-01-03,2018-01-01
580,2,2018-01-04,153.54,2018-01-04,2018-01-01
581,2,2018-01-05,115.97,2018-01-05,2018-01-01
582,2,2018-01-06,119.81,2018-01-06,2018-01-01
583,2,2018-01-07,117.94,2018-01-07,2018-01-01
584,2,2018-01-08,128.98,2018-01-08,2018-01-01
585,2,2018-01-09,184.67,2018-01-09,2018-01-01
586,2,2018-01-10,185.36,2018-01-10,2018-01-01
587,2,2018-01-11,140.1,2018-01-11,2018-01-01
588,2,2018-01-12,149.57,2018-01-12,2018-01-01
589,2,2018-01-13,90.47,2018-01-13,2018-01-01
590,2,2018-01-14,98.85,2018-01-14,2018-01-01
591,2,2018-01-15,158.16,2018-01-15,2018-01-01
592,2,2018-01-16,104.29,2018-01-16,2018-01-01
593,2,2018-01-17,106.49,2018-01-17,2018-01-01
594,2,2018-01-18,126.74,2018-01-18,2018-01-01
595,2,2018-01-19,150.85,2018-01-19,2018-01-01
596,2,2018-01-20,152.28,2018-01-20,2018-01-01
597,2,2018-01-21,100.46,2018-01-21,2018-01-01
598,2,2018-01-22,188.81,2018-01-22,2018-01-01
599,2,2018-01-23,113.58,2018-01-23,2018-01-01
600,2,2018-01-24,124.23,2018-01-24,2018-01-01
601,2,2018-01-25,105.91,2018-01-25,2018-01-01
602,2,2018-01-26,99.34,2018-01-26,2018-01-01
603,2,2018-01-27,129.01,2018-01-27,2018-01-01
604,2,2018-01-28,109.3,2018-01-28,2018-01-01
605,2,2018-01-29,270.67,2018-01-29,2018-01-01
606,2,2018-01-30,153.06,2018-01-30,2018-01-01
607,2,2018-01-31,82.89,2018-01-31,2018-01-01
608,2,2018-02-01,268.84,2018-02-01,2018-02-01
609,2,2018-02-02,137.27,2018-02-02,2018-02-01
610,2,2018-02-03,121.58,2018-02-03,2018-02-01
611,2,2018-02-04,138.34,2018-02-04,2018-02-01
612,2,2018-02-05,140.44,2018-02-05,2018-02-01
613,2,2018-02-06,124.81,2018-02-06,2018-02-01
614,2,2018-02-07,192.33,2018-02-07,2018-02-01
615,2,2018-02-08,133.54,2018-02-08,2018-02-01
616,2,2018-02-09,182.99,2018-02-09,2018-02-01
617,2,2018-02-10,253.15,2018-02-10,2018-02-01
618,2,2018-02-11,156.64,2018-02-11,2018-02-01
619,2,2018-02-12,173.06,2018-02-12,2018-02-01
620,2,2018-02-13,145.64,2018-02-13,2018-02-01
621,2,2018-02-14,187.85,2018-02-14,2018-02-01
622,2,2018-02-15,181.31,2018-02-15,2018-02-01
623,2,2018-02-16,121.06,2018-02-16,2018-02-01
624,2,2018-02-17,177.42,2018-02-17,2018-02-01
625,2,2018-02-18,169.99,2018-02-18,2018-02-01
626,2,2018-02-19,138.62,2018-02-19,2018-02-01
627,2,2018-02-20,184.04,2018-02-20,2018-02-01
628,2,2018-02-21,130.91,2018-02-21,2018-02-01
629,2,2018-02-22,242.84,2018-02-22,2018-02-01
630,2,2018-02-23,79.07,2018-02-23,2018-02-01
631,2,2018-02-24,158.59,2018-02-24,2018-02-01
632,2,2018-02-25,119.49,2018-02-25,2018-02-01
633,2,2018-02-26,130.16,2018-02-26,2018-02-01
634,2,2018-02-27,144.51,2018-02-27,2018-02-01
635,2,2018-02-28,139.85,2018-02-28,2018-02-01
636,2,2018-03-01,96.13,2018-03-01,2018-03-01
637,2,2018-03-02,149.68,2018-03-02,2018-03-01
638,2,2018-03-03,106.29,2018-03-03,2018-03-01
639,2,2018-03-04,119.26,2018-03-04,2018-03-01
640,2,2018-03-05,165.52,2018-03-05,2018-03-01
641,2,2018-03-06,121.25,2018-03-06,2018-03-01
642,2,2018-03-07,126.08,2018-03-07,2018-03-01
643,2,2018-03-08,168.36,2018-03-08,2018-03-01
644,2,2018-03-09,96.99,2018-03-09,2018-03-01
645,2,2018-03-10,109.34,2018-03-10,2018-03-01
646,2,2018-03-11,165.23,2018-03-11,2018-03-01
647,2,2018-03-12,142.05,2018-03-12,2018-03-01
648,2,2018-03-13,118.27,2018-03-13,2018-03-01
649,2,2018-03-14,112.42,2018-03-14,2018-03-01
650,2,2018-03-15,126.74,2018-03-15,2018-03-01
651,2,2018-03-16,119.82,2018-03-16,2018-03-01
652,2,2018-03-17,99.27,2018-03-17,2018-03-01
653,2,2018-03-18,91.15,2018-03-18,2018-03-01
654,2,2018-03-19,131.53,2018-03-19,2018-03-01
655,2,2018-03-20,173.69,2018-03-20,2018-03-01
656,2,2018-03-21,148.75,2018-03-21,2018-03-01
657,2,2018-03-22,142.55,2018-03-22,2018-03-01
658,2,2018-03-23,165.39,2018-03-23,2018-03-01
659,2,2018-03-24,203.26,2018-03-24,2018-03-01
660,2,2018-03-25,125.0,2018-03-25,2018-03-01
661,2,2018-03-26,212.38,2018-03-26,2018-03-01
662,2,2018-03-27,134.7,2018-03-27,2018-03-01
663,2,2018-03-28,120.75,2018-03-28,2018-03-01
664,2,2018-03-29,136.21,2018-03-29,2018-03-01
665,2,2018-03-30,15.08,2018-03-30,2018-03-01
666,2,2018-04-02,90.86,2018-04-02,2018-04-01
667,2,2018-04-03,83.54,2018-04-03,2018-04-01
668,2,2018-04-04,92.35,2018-04-04,2018-04-01
669,2,2018-04-05,123.88,2018-04-05,2018-04-01
670,2,2018-04-06,126.38,2018-04-06,2018-04-01
671,2,2018-04-07,62.95,2018-04-07,2018-04-01
672,2,2018-04-08,111.13,2018-04-08,2018-04-01
673,2,2018-04-09,160.18,2018-04-09,2018-04-01
674,2,2018-04-10,97.32,2018-04-10,2018-04-01
675,2,2018-04-11,113.94,2018-04-11,2018-04-01
676,2,2018-04-12,114.41,2018-04-12,2018-04-01
677,2,2018-04-13,108.68,2018-04-13,2018-04-01
678,2,2018-04-14,71.49,2018-04-14,2018-04-01
679,2,2018-04-15,70.05,2018-04-15,2018-04-01
680,2,2018-04-16,123.83,2018-04-16,2018-04-01
681,2,2018-04-17,99.44,2018-04-17,2018-04-01
682,2,2018-04-18,121.69,2018-04-18,2018-04-01
683,2,2018-04-19,150.91,2018-04-19,2018-04-01
684,2,2018-04-20,136.91,2018-04-20,2018-04-01
685,2,2018-04-21,77.12,2018-04-21,2018-04-01
686,2,2018-04-22,76.97,2018-04-22,2018-04-01
687,2,2018-04-23,135.85,2018-04-23,2018-04-01
688,2,2018-04-24,134.53,2018-04-24,2018-04-01
689,2,2018-04-25,138.46,2018-04-25,2018-04-01
690,2,2018-04-26,100.86,2018-04-26,2018-04-01
691,2,2018-04-27,76.17,2018-04-27,2018-04-01
692,2,2018-04-28,90.52,2018-04-28,2018-04-01
693,2,2018-04-29,38.51,2018-04-29,2018-04-01
694,2,2018-04-30,64.77,2018-04-30,2018-04-01
695,2,2018-05-01,41.31,2018-05-01,2018-05-01
696,2,2018-05-02,67.77,2018-05-02,2018-05-01
697,2,2018-05-03,135.37,2018-05-03,2018-05-01
698,2,2018-05-04,80.2,2018-05-04,2018-05-01
699,2,2018-05-05,52.86,2018-05-05,2018-05-01
700,2,2018-05-06,51.37,2018-05-06,2018-05-01
701,2,2018-05-07,58.35,2018-05-07,2018-05-01
702,2,2018-05-08,60.29,2018-05-08,2018-05-01
703,2,2018-05-09,45.38,2018-05-09,2018-05-01
704,2,2018-05-10,62.69,2018-05-10,2018-05-01
705,2,2018-05-11,82.25,2018-05-11,2018-05-01
706,2,2018-05-12,61.59,2018-05-12,2018-05-01
707,2,2018-05-13,63.59,2018-05-13,2018-05-01
708,2,2018-05-14,119.08,2018-05-14,2018-05-01
709,2,2018-05-15,111.66,2018-05-15,2018-05-01
710,2,2018-05-16,133.03,2018-05-16,2018-05-01
711,2,2018-05-17,70.77,2018-05-17,2018-05-01
712,2,2018-05-18,79.88,2018-05-18,2018-05-01
713,2,2018-05-19,86.66,2018-05-19,2018-05-01
714,2,2018-05-20,63.21,2018-05-20,2018-05-01
715,2,2018-05-21,95.9,2018-05-21,2018-05-01
716,2,2018-05-22,103.77,2018-05-22,2018-05-01
717,2,2018-05-23,65.77,2018-05-23,2018-05-01
718,2,2018-05-24,88.89,2018-05-24,2018-05-01
719,2,2018-05-25,78.55,2018-05-25,2018-05-01
720,2,2018-05-26,54.07,2018-05-26,2018-05-01
721,2,2018-05-27,113.35,2018-05-27,2018-05-01
722,2,2018-05-28,82.67,2018-05-28,2018-05-01
723,2,2018-05-29,105.75,2018-05-29,2018-05-01
724,2,2018-05-30,119.26,2018-05-30,2018-05-01
725,2,2018-05-31,254.15,2018-05-31,2018-05-01
726,3,2017-06-01,349.38,2017-06-01,2017-06-01
727,3,2017-06-02,314.22,2017-06-02,2017-06-01
728,3,2017-06-03,196.12,2017-06-03,2017-06-01
729,3,2017-06-04,389.87,2017-06-04,2017-06-01
730,3,2017-06-05,424.47,2017-06-05,2017-06-01
731,3,2017-06-06,332.77,2017-06-06,2017-06-01
732,3,2017-06-07,237.02,2017-06-07,2017-06-01
733,3,2017-06-08,727.29,2017-06-08,2017-06-01
734,3,2017-06-09,461.07,2017-06-09,2017-06-01
735,3,2017-06-10,148.42,2017-06-10,2017-06-01
736,3,2017-06-11,148.5,2017-06-11,2017-06-01
737,3,2017-06-12,127.54,2017-06-12,2017-06-01
738,3,2017-06-13,45.73,2017-06-13,2017-06-01
739,3,2017-06-14,221.27,2017-06-14,2017-06-01
740,3,2017-06-15,334.99,2017-06-15,2017-06-01
741,3,2017-06-16,272.4,2017-06-16,2017-06-01
742,3,2017-06-17,184.27,2017-06-17,2017-06-01
743,3,2017-06-18,214.63,2017-06-18,2017-06-01
744,3,2017-06-19,347.54,2017-06-19,2017-06-01
745,3,2017-06-20,122.17,2017-06-20,2017-06-01
746,3,2017-06-21,205.21,2017-06-21,2017-06-01
747,3,2017-06-22,372.5,2017-06-22,2017-06-01
748,3,2017-06-23,225.21,2017-06-23,2017-06-01
749,3,2017-06-24,57.07,2017-06-24,2017-06-01
750,3,2017-06-25,207.36,2017-06-25,2017-06-01
751,3,2017-06-26,188.88,2017-06-26,2017-06-01
752,3,2017-06-27,229.18,2017-06-27,2017-06-01
753,3,2017-06-28,200.73,2017-06-28,2017-06-01
754,3,2017-06-29,103.47,2017-06-29,2017-06-01
755,3,2017-06-30,342.37,2017-06-30,2017-06-01
756,3,2017-07-01,174.94,2017-07-01,2017-07-01
757,3,2017-07-02,207.03,2017-07-02,2017-07-01
758,3,2017-07-03,273.75,2017-07-03,2017-07-01
759,3,2017-07-04,331.36,2017-07-04,2017-07-01
760,3,2017-07-05,233.41,2017-07-05,2017-07-01
761,3,2017-07-06,349.63,2017-07-06,2017-07-01
762,3,2017-07-07,241.25,2017-07-07,2017-07-01
763,3,2017-07-08,243.65,2017-07-08,2017-07-01
764,3,2017-07-09,291.75,2017-07-09,2017-07-01
765,3,2017-07-10,243.38,2017-07-10,2017-07-01
766,3,2017-07-11,284.19,2017-07-11,2017-07-01
767,3,2017-07-12,355.82,2017-07-12,2017-07-01
768,3,2017-07-13,237.93,2017-07-13,2017-07-01
769,3,2017-07-14,518.41,2017-07-14,2017-07-01
770,3,2017-07-15,306.19,2017-07-15,2017-07-01
771,3,2017-07-16,198.49,2017-07-16,2017-07-01
772,3,2017-07-17,352.5,2017-07-17,2017-07-01
773,3,2017-07-18,203.7,2017-07-18,2017-07-01
774,3,2017-07-19,174.5,2017-07-19,2017-07-01
775,3,2017-07-20,179.74,2017-07-20,2017-07-01
776,3,2017-07-21,410.71,2017-07-21,2017-07-01
777,3,2017-07-22,182.17,2017-07-22,2017-07-01
778,3,2017-07-23,129.22,2017-07-23,2017-07-01
779,3,2017-07-24,272.24,2017-07-24,2017-07-01
780,3,2017-07-25,207.46,2017-07-25,2017-07-01
781,3,2017-07-26,138.07,2017-07-26,2017-07-01
782,3,2017-07-27,189.37,2017-07-27,2017-07-01
783,3,2017-07-28,97.25,2017-07-28,2017-07-01
784,3,2017-07-29,177.74,2017-07-29,2017-07-01
785,3,2017-07-30,212.65,2017-07-30,2017-07-01
786,3,2017-07-31,255.87,2017-07-31,2017-07-01
787,3,2017-08-01,273.19,2017-08-01,2017-08-01
788,3,2017-08-02,149.18,2017-08-02,2017-08-01
789,3,2017-08-03,199.69,2017-08-03,2017-08-01
790,3,2017-08-04,136.09,2017-08-04,2017-08-01
791,3,2017-08-05,94.11,2017-08-05,2017-08-01
792,3,2017-08-06,116.5,2017-08-06,2017-08-01
793,3,2017-08-07,96.13,2017-08-07,2017-08-01
794,3,2017-08-08,225.66,2017-08-08,2017-08-01
795,3,2017-08-09,146.72,2017-08-09,2017-08-01
796,3,2017-08-10,246.74,2017-08-10,2017-08-01
797,3,2017-08-11,165.68,2017-08-11,2017-08-01
798,3,2017-08-12,78.15,2017-08-12,2017-08-01
799,3,2017-08-13,179.91,2017-08-13,2017-08-01
800,3,2017-08-14,202.24,2017-08-14,2017-08-01
801,3,2017-08-15,192.73,2017-08-15,2017-08-01
802,3,2017-08-16,208.7,2017-08-16,2017-08-01
803,3,2017-08-17,302.19,2017-08-17,2017-08-01
804,3,2017-08-18,242.57,2017-08-18,2017-08-01
805,3,2017-08-19,190.33,2017-08-19,2017-08-01
806,3,2017-08-20,223.77,2017-08-20,2017-08-01
807,3,2017-08-21,208.13,2017-08-21,2017-08-01
808,3,2017-08-22,187.84,2017-08-22,2017-08-01
809,3,2017-08-23,189.78,2017-08-23,2017-08-01
810,3,2017-08-24,215.38,2017-08-24,2017-08-01
811,3,2017-08-25,156.91,2017-08-25,2017-08-01
812,3,2017-08-26,184.72,2017-08-26,2017-08-01
813,3,2017-08-27,212.8,2017-08-27,2017-08-01
814,3,2017-08-28,276.51,2017-08-28,2017-08-01
815,3,2017-08-29,221.59,2017-08-29,2017-08-01
816,3,2017-08-30,266.46,2017-08-30,2017-08-01
817,3,2017-08-31,353.14,2017-08-31,2017-08-01
818,3,2017-09-01,237.51,2017-09-01,2017-09-01
819,3,2017-09-02,105.01,2017-09-02,2017-09-01
820,3,2017-09-03,245.4,2017-09-03,2017-09-01
821,3,2017-09-04,144.76,2017-09-04,2017-09-01
822,3,2017-09-05,421.37,2017-09-05,2017-09-01
823,3,2017-09-06,257.91,2017-09-06,2017-09-01
824,3,2017-09-07,410.8,2017-09-07,2017-09-01
825,3,2017-09-08,431.65,2017-09-08,2017-09-01
826,3,2017-09-09,330.87,2017-09-09,2017-09-01
827,3,2017-09-10,262.62,2017-09-10,2017-09-01
828,3,2017-09-11,328.94,2017-09-11,2017-09-01
829,3,2017-09-12,102.11,2017-09-12,2017-09-01
830,3,2017-09-13,561.03,2017-09-13,2017-09-01
831,3,2017-09-14,454.22,2017-09-14,2017-09-01
832,3,2017-09-15,364.39,2017-09-15,2017-09-01
833,3,2017-09-16,229.28,2017-09-16,2017-09-01
834,3,2017-09-17,364.78,2017-09-17,2017-09-01
835,3,2017-09-18,276.36,2017-09-18,2017-09-01
836,3,2017-09-19,503.55,2017-09-19,2017-09-01
837,3,2017-09-20,330.87,2017-09-20,2017-09-01
838,3,2017-09-21,86.02,2017-09-21,2017-09-01
839,3,2017-09-22,281.4,2017-09-22,2017-09-01
840,3,2017-09-23,180.88,2017-09-23,2017-09-01
841,3,2017-09-24,346.07,2017-09-24,2017-09-01
842,3,2017-09-25,455.29,2017-09-25,2017-09-01
843,3,2017-09-26,531.85,2017-09-26,2017-09-01
844,3,2017-09-27,552.22,2017-09-27,2017-09-01
845,3,2017-09-28,224.08,2017-09-28,2017-09-01
846,3,2017-09-29,421.28,2017-09-29,2017-09-01
847,3,2017-09-30,521.03,2017-09-30,2017-09-01
848,3,2017-10-01,448.54,2017-10-01,2017-10-01
849,3,2017-10-02,558.33,2017-10-02,2017-10-01
850,3,2017-10-03,620.7,2017-10-03,2017-10-01
851,3,2017-10-04,497.16,2017-10-04,2017-10-01
852,3,2017-10-05,765.45,2017-10-05,2017-10-01
853,3,2017-10-06,980.52,2017-10-06,2017-10-01
854,3,2017-10-07,624.13,2017-10-07,2017-10-01
855,3,2017-10-08,279.46,2017-10-08,2017-10-01
856,3,2017-10-09,444.12,2017-10-09,2017-10-01
857,3,2017-10-10,750.95,2017-10-10,2017-10-01
858,3,2017-10-11,433.84,2017-10-11,2017-10-01
859,3,2017-10-12,285.02,2017-10-12,2017-10-01
860,3,2017-10-13,703.26,2017-10-13,2017-10-01
861,3,2017-10-14,215.19,2017-10-14,2017-10-01
862,3,2017-10-15,461.56,2017-10-15,2017-10-01
863,3,2017-10-16,227.3,2017-10-16,2017-10-01
864,3,2017-10-17,515.74,2017-10-17,2017-10-01
865,3,2017-10-18,499.52,2017-10-18,2017-10-01
866,3,2017-10-19,473.7,2017-10-19,2017-10-01
867,3,2017-10-20,516.12,2017-10-20,2017-10-01
868,3,2017-10-21,195.93,2017-10-21,2017-10-01
869,3,2017-10-22,334.13,2017-10-22,2017-10-01
870,3,2017-10-23,504.54,2017-10-23,2017-10-01
871,3,2017-10-24,565.97,2017-10-24,2017-10-01
872,3,2017-10-25,369.48,2017-10-25,2017-10-01
873,3,2017-10-26,435.66,2017-10-26,2017-10-01
874,3,2017-10-27,824.66,2017-10-27,2017-10-01
875,3,2017-10-28,614.7,2017-10-28,2017-10-01
876,3,2017-10-29,727.16,2017-10-29,2017-10-01
877,3,2017-10-30,495.34,2017-10-30,2017-10-01
878,3,2017-10-31,369.06,2017-10-31,2017-10-01
879,3,2017-11-01,617.56,2017-11-01,2017-11-01
880,3,2017-11-02,633.72,2017-11-02,2017-11-01
881,3,2017-11-03,811.14,2017-11-03,2017-11-01
882,3,2017-11-04,383.86,2017-11-04,2017-11-01
883,3,2017-11-05,363.83,2017-11-05,2017-11-01
884,3,2017-11-06,385.05,2017-11-06,2017-11-01
885,3,2017-11-07,472.89,2017-11-07,2017-11-01
886,3,2017-11-08,404.08,2017-11-08,2017-11-01
887,3,2017-11-09,224.83,2017-11-09,2017-11-01
888,3,2017-11-10,542.29,2017-11-10,2017-11-01
889,3,2017-11-11,396.88,2017-11-11,2017-11-01
890,3,2017-11-12,564.78,2017-11-12,2017-11-01
891,3,2017-11-13,412.38,2017-11-13,2017-11-01
892,3,2017-11-14,476.64,2017-11-14,2017-11-01
893,3,2017-11-15,301.45,2017-11-15,2017-11-01
894,3,2017-11-16,749.26,2017-11-16,2017-11-01
895,3,2017-11-17,248.1,2017-11-17,2017-11-01
896,3,2017-11-18,608.15,2017-11-18,2017-11-01
897,3,2017-11-19,269.85,2017-11-19,2017-11-01
898,3,2017-11-20,106.78,2017-11-20,2017-11-01
899,3,2017-11-21,693.85,2017-11-21,2017-11-01
900,3,2017-11-22,508.41,2017-11-22,2017-11-01
901,3,2017-11-23,713.97,2017-11-23,2017-11-01
902,3,2017-11-24,1788.28,2017-11-24,2017-11-01
903,3,2017-11-25,803.14,2017-11-25,2017-11-01
904,3,2017-11-26,579.39,2017-11-26,2017-11-01
905,3,2017-11-27,831.73,2017-11-27,2017-11-01
906,3,2017-11-28,701.35,2017-11-28,2017-11-01
907,3,2017-11-29,654.18,2017-11-29,2017-11-01
908,3,2017-11-30,777.52,2017-11-30,2017-11-01
909,3,2017-12-01,452.52,2017-12-01,2017-12-01
910,3,2017-12-02,425.38,2017-12-02,2017-12-01
911,3,2017-12-03,404.96,2017-12-03,2017-12-01
912,3,2017-12-04,539.16,2017-12-04,2017-12-01
913,3,2017-12-05,274.88,2017-12-05,2017-12-01
914,3,2017-12-06,531.99,2017-12-06,2017-12-01
915,3,2017-12-07,682.59,2017-12-07,2017-12-01
916,3,2017-12-08,422.58,2017-12-08,2017-12-01
917,3,2017-12-09,560.65,2017-12-09,2017-12-01
918,3,2017-12-10,550.32,2017-12-10,2017-12-01
919,3,2017-12-11,1061.18,2017-12-11,2017-12-01
920,3,2017-12-12,802.27,2017-12-12,2017-12-01
921,3,2017-12-13,758.28,2017-12-13,2017-12-01
922,3,2017-12-14,679.05,2017-12-14,2017-12-01
923,3,2017-12-15,648.71,2017-12-15,2017-12-01
924,3,2017-12-16,350.28,2017-12-16,2017-12-01
925,3,2017-12-17,518.7,2017-12-17,2017-12-01
926,3,2017-12-18,500.39,2017-12-18,2017-12-01
927,3,2017-12-19,218.25,2017-12-19,2017-12-01
928,3,2017-12-20,624.59,2017-12-20,2017-12-01
929,3,2017-12-21,482.27,2017-12-21,2017-12-01
930,3,2017-12-22,567.75,2017-12-22,2017-12-01
931,3,2017-12-23,100.85,2017-12-23,2017-12-01
932,3,2017-12-24,637.19,2017-12-24,2017-12-01
933,3,2017-12-25,497.03,2017-12-25,2017-12-01
934,3,2017-12-26,156.05,2017-12-26,2017-12-01
935,3,2017-12-27,279.55,2017-12-27,2017-12-01
936,3,2017-12-28,858.28,2017-12-28,2017-12-01
937,3,2017-12-29,566.09,2017-12-29,2017-12-01
938,3,2017-12-30,633.59,2017-12-30,2017-12-01
939,3,2017-12-31,434.14,2017-12-31,2017-12-01
940,3,2018-01-01,364.64,2018-01-01,2018-01-01
941,3,2018-01-02,594.16,2018-01-02,2018-01-01
942,3,2018-01-03,844.63,2018-01-03,2018-01-01
943,3,2018-01-04,758.83,2018-01-04,2018-01-01
944,3,2018-01-05,498.58,2018-01-05,2018-01-01
945,3,2018-01-06,354.74,2018-01-06,2018-01-01
946,3,2018-01-07,435.94,2018-01-07,2018-01-01
947,3,2018-01-08,252.17,2018-01-08,2018-01-01
948,3,2018-01-09,396.09,2018-01-09,2018-01-01
949,3,2018-01-10,448.79,2018-01-10,2018-01-01
950,3,2018-01-11,548.97,2018-01-11,2018-01-01
951,3,2018-01-12,495.72,2018-01-12,2018-01-01
952,3,2018-01-13,340.15,2018-01-13,2018-01-01
953,3,2018-01-14,502.7,2018-01-14,2018-01-01
954,3,2018-01-15,547.61,2018-01-15,2018-01-01
955,3,2018-01-16,642.89,2018-01-16,2018-01-01
956,3,2018-01-17,435.1,2018-01-17,2018-01-01
957,3,2018-01-18,396.24,2018-01-18,2018-01-01
958,3,2018-01-19,784.57,2018-01-19,2018-01-01
959,3,2018-01-20,403.24,2018-01-20,2018-01-01
960,3,2018-01-21,366.84,2018-01-21,2018-01-01
961,3,2018-01-22,297.41,2018-01-22,2018-01-01
962,3,2018-01-23,429.22,2018-01-23,2018-01-01
963,3,2018-01-24,544.27,2018-01-24,2018-01-01
964,3,2018-01-25,470.87,2018-01-25,2018-01-01
965,3,2018-01-26,412.99,2018-01-26,2018-01-01
966,3,2018-01-27,289.71,2018-01-27,2018-01-01
967,3,2018-01-28,443.97,2018-01-28,2018-01-01
968,3,2018-01-29,462.78,2018-01-29,2018-01-01
969,3,2018-01-30,565.06,2018-01-30,2018-01-01
970,3,2018-01-31,479.9,2018-01-31,2018-01-01
971,3,2018-02-01,636.36,2018-02-01,2018-02-01
972,3,2018-02-02,698.2,2018-02-02,2018-02-01
973,3,2018-02-03,475.9,2018-02-03,2018-02-01
974,3,2018-02-04,288.08,2018-02-04,2018-02-01
975,3,2018-02-05,845.75,2018-02-05,2018-02-01
976,3,2018-02-06,304.88,2018-02-06,2018-02-01
977,3,2018-02-07,405.02,2018-02-07,2018-02-01
978,3,2018-02-08,379.87,2018-02-08,2018-02-01
979,3,2018-02-09,822.49,2018-02-09,2018-02-01
980,3,2018-02-10,696.42,2018-02-10,2018-02-01
981,3,2018-02-11,503.52,2018-02-11,2018-02-01
982,3,2018-02-12,481.29,2018-02-12,2018-02-01
983,3,2018-02-13,791.51,2018-02-13,2018-02-01
984,3,2018-02-14,606.1,2018-02-14,2018-02-01
985,3,2018-02-15,506.63,2018-02-15,2018-02-01
986,3,2018-02-16,377.97,2018-02-16,2018-02-01
987,3,2018-02-17,414.5,2018-02-17,2018-02-01
988,3,2018-02-18,241.55,2018-02-18,2018-02-01
989,3,2018-02-19,774.05,2018-02-19,2018-02-01
990,3,2018-02-20,559.89,2018-02-20,2018-02-01
991,3,2018-02-21,456.22,2018-02-21,2018-02-01
992,3,2018-02-22,769.47,2018-02-22,2018-02-01
993,3,2018-02-23,79.62,2018-02-23,2018-02-01
994,3,2018-02-24,579.05,2018-02-24,2018-02-01
995,3,2018-02-25,455.87,2018-02-25,2018-02-01
996,3,2018-02-26,423.43,2018-02-26,2018-02-01
997,3,2018-02-27,356.55,2018-02-27,2018-02-01
998,3,2018-02-28,298.37,2018-02-28,2018-02-01
999,3,2018-03-01,688.48,2018-03-01,2018-03-01
1000,3,2018-03-02,646.35,2018-03-02,2018-03-01
1001,3,2018-03-03,324.12,2018-03-03,2018-03-01
1002,3,2018-03-04,232.25,2018-03-04,2018-03-01
1003,3,2018-03-05,249.87,2018-03-05,2018-03-01
1004,3,2018-03-06,121.28,2018-03-06,2018-03-01
1005,3,2018-03-07,996.15,2018-03-07,2018-03-01
1006,3,2018-03-08,252.95,2018-03-08,2018-03-01
1007,3,2018-03-09,410.89,2018-03-09,2018-03-01
1008,3,2018-03-10,609.1,2018-03-10,2018-03-01
1009,3,2018-03-11,471.25,2018-03-11,2018-03-01
1010,3,2018-03-12,570.53,2018-03-12,2018-03-01
1011,3,2018-03-13,498.59,2018-03-13,2018-03-01
1012,3,2018-03-14,428.23,2018-03-14,2018-03-01
1013,3,2018-03-15,702.52,2018-03-15,2018-03-01
1014,3,2018-03-16,252.37,2018-03-16,2018-03-01
1015,3,2018-03-17,449.81,2018-03-17,2018-03-01
1016,3,2018-03-18,178.75,2018-03-18,2018-03-01
1017,3,2018-03-19,418.56,2018-03-19,2018-03-01
1018,3,2018-03-20,522.96,2018-03-20,2018-03-01
1019,3,2018-03-21,144.63,2018-03-21,2018-03-01
1020,3,2018-03-22,758.15,2018-03-22,2018-03-01
1021,3,2018-03-23,587.14,2018-03-23,2018-03-01
1022,3,2018-03-24,272.83,2018-03-24,2018-03-01
1023,3,2018-03-25,142.69,2018-03-25,2018-03-01
1024,3,2018-03-26,642.59,2018-03-26,2018-03-01
1025,3,2018-03-27,700.76,2018-03-27,2018-03-01
1026,3,2018-03-28,289.93,2018-03-28,2018-03-01
1027,3,2018-03-29,477.86,2018-03-29,2018-03-01
1028,3,2018-03-30,39.26,2018-03-30,2018-03-01
1029,3,2018-04-02,317.38,2018-04-02,2018-04-01
1030,3,2018-04-03,506.88,2018-04-03,2018-04-01
1031,3,2018-04-04,517.14,2018-04-04,2018-04-01
1032,3,2018-04-05,225.38,2018-04-05,2018-04-01
1033,3,2018-04-06,486.8,2018-04-06,2018-04-01
1034,3,2018-04-07,295.39,2018-04-07,2018-04-01
1035,3,2018-04-08,75.9,2018-04-08,2018-04-01
1036,3,2018-04-09,275.62,2018-04-09,2018-04-01
1037,3,2018-04-10,451.91,2018-04-10,2018-04-01
1038,3,2018-04-11,322.04,2018-04-11,2018-04-01
1039,3,2018-04-12,221.52,2018-04-12,2018-04-01
1040,3,2018-04-13,186.29,2018-04-13,2018-04-01
1041,3,2018-04-14,272.6,2018-04-14,2018-04-01
1042,3,2018-04-15,271.07,2018-04-15,2018-04-01
1043,3,2018-04-16,203.73,2018-04-16,2018-04-01
1044,3,2018-04-17,347.63,2018-04-17,2018-04-01
1045,3,2018-04-18,330.7,2018-04-18,2018-04-01
1046,3,2018-04-19,603.7,2018-04-19,2018-04-01
1047,3,2018-04-20,184.98,2018-04-20,2018-04-01
1048,3,2018-04-21,219.22,2018-04-21,2018-04-01
1049,3,2018-04-22,467.88,2018-04-22,2018-04-01
1050,3,2018-04-23,396.01,2018-04-23,2018-04-01
1051,3,2018-04-24,372.35,2018-04-24,2018-04-01
1052,3,2018-04-25,448.29,2018-04-25,2018-04-01
1053,3,2018-04-26,384.02,2018-04-26,2018-04-01
1054,3,2018-04-27,316.37,2018-04-27,2018-04-01
1055,3,2018-04-28,316.81,2018-04-28,2018-04-01
1056,3,2018-04-29,135.33,2018-04-29,2018-04-01
1057,3,2018-04-30,143.87,2018-04-30,2018-04-01
1058,3,2018-05-01,299.0,2018-05-01,2018-05-01
1059,3,2018-05-02,163.83,2018-05-02,2018-05-01
1060,3,2018-05-03,262.65,2018-05-03,2018-05-01
1061,3,2018-05-04,359.21,2018-05-04,2018-05-01
1062,3,2018-05-05,164.52,2018-05-05,2018-05-01
1063,3,2018-05-06,148.85,2018-05-06,2018-05-01
1064,3,2018-05-07,302.21,2018-05-07,2018-05-01
1065,3,2018-05-08,267.01,2018-05-08,2018-05-01
1066,3,2018-05-09,192.89,2018-05-09,2018-05-01
1067,3,2018-05-10,390.34,2018-05-10,2018-05-01
1068,3,2018-05-11,309.55,2018-05-11,2018-05-01
1069,3,2018-05-12,313.79,2018-05-12,2018-05-01
1070,3,2018-05-13,271.35,2018-05-13,2018-05-01
1071,3,2018-05-14,218.5,2018-05-14,2018-05-01
1072,3,2018-05-15,312.35,2018-05-15,2018-05-01
1073,3,2018-05-16,370.19,2018-05-16,2018-05-01
1074,3,2018-05-17,156.52,2018-05-17,2018-05-01
1075,3,2018-05-18,414.42,2018-05-18,2018-05-01
1076,3,2018-05-19,180.85,2018-05-19,2018-05-01
1077,3,2018-05-20,172.81,2018-05-20,2018-05-01
1078,3,2018-05-21,126.83,2018-05-21,2018-05-01
1079,3,2018-05-22,336.66,2018-05-22,2018-05-01
1080,3,2018-05-23,323.1,2018-05-23,2018-05-01
1081,3,2018-05-24,352.08,2018-05-24,2018-05-01
1082,3,2018-05-25,439.4,2018-05-25,2018-05-01
1083,3,2018-05-26,278.02,2018-05-26,2018-05-01
1084,3,2018-05-27,254.9,2018-05-27,2018-05-01
1085,3,2018-05-28,247.92,2018-05-28,2018-05-01
1086,3,2018-05-29,347.59,2018-05-29,2018-05-01
1087,3,2018-05-30,611.78,2018-05-30,2018-05-01
1088,3,2018-05-31,822.3,2018-05-31,2018-05-01
1089,4,2017-06-01,76.74,2017-06-01,2017-06-01
1090,4,2017-06-02,59.21,2017-06-02,2017-06-01
1091,4,2017-06-03,59.39,2017-06-03,2017-06-01
1092,4,2017-06-04,161.97,2017-06-04,2017-06-01
1093,4,2017-06-05,44.65,2017-06-05,2017-06-01
1094,4,2017-06-06,2.38,2017-06-06,2017-06-01
1095,4,2017-06-07,28.46,2017-06-07,2017-06-01
1096,4,2017-06-08,283.81,2017-06-08,2017-06-01
1097,4,2017-06-09,446.64,2017-06-09,2017-06-01
1098,4,2017-06-10,80.25,2017-06-10,2017-06-01
1099,4,2017-06-11,71.66,2017-06-11,2017-06-01
1100,4,2017-06-12,101.0,2017-06-12,2017-06-01
1101,4,2017-06-13,79.65,2017-06-13,2017-06-01
1102,4,2017-06-14,46.55,2017-06-14,2017-06-01
1103,4,2017-06-15,320.16,2017-06-15,2017-06-01
1104,4,2017-06-16,73.25,2017-06-16,2017-06-01
1105,4,2017-06-17,68.61,2017-06-17,2017-06-01
1106,4,2017-06-18,74.01,2017-06-18,2017-06-01
1107,4,2017-06-19,51.9,2017-06-19,2017-06-01
1108,4,2017-06-20,194.46,2017-06-20,2017-06-01
1109,4,2017-06-21,52.6,2017-06-21,2017-06-01
1110,4,2017-06-22,102.29,2017-06-22,2017-06-01
1111,4,2017-06-23,268.03,2017-06-23,2017-06-01
1112,4,2017-06-24,143.2,2017-06-24,2017-06-01
1113,4,2017-06-25,168.31,2017-06-25,2017-06-01
1114,4,2017-06-26,45.0,2017-06-26,2017-06-01
1115,4,2017-06-27,114.44,2017-06-27,2017-06-01
1116,4,2017-06-28,54.02,2017-06-28,2017-06-01
1117,4,2017-06-29,23.41,2017-06-29,2017-06-01
1118,4,2017-06-30,218.75,2017-06-30,2017-06-01
1119,4,2017-07-01,43.17,2017-07-01,2017-07-01
1120,4,2017-07-02,161.67,2017-07-02,2017-07-01
1121,4,2017-07-03,54.69,2017-07-03,2017-07-01
1122,4,2017-07-04,93.86,2017-07-04,2017-07-01
1123,4,2017-07-05,74.94,2017-07-05,2017-07-01
1124,4,2017-07-06,273.2,2017-07-06,2017-07-01
1125,4,2017-07-07,13.58,2017-07-07,2017-07-01
1126,4,2017-07-08,91.94,2017-07-08,2017-07-01
1127,4,2017-07-09,51.91,2017-07-09,2017-07-01
1128,4,2017-07-10,59.37,2017-07-10,2017-07-01
1129,4,2017-07-11,38.38,2017-07-11,2017-07-01
1130,4,2017-07-12,54.86,2017-07-12,2017-07-01
1131,4,2017-07-13,59.66,2017-07-13,2017-07-01
1132,4,2017-07-14,448.92,2017-07-14,2017-07-01
1133,4,2017-07-15,90.66,2017-07-15,2017-07-01
1134,4,2017-07-16,10.99,2017-07-16,2017-07-01
1135,4,2017-07-17,298.2,2017-07-17,2017-07-01
1136,4,2017-07-18,278.26,2017-07-18,2017-07-01
1137,4,2017-07-19,150.08,2017-07-19,2017-07-01
1138,4,2017-07-20,172.85,2017-07-20,2017-07-01
1139,4,2017-07-21,178.37,2017-07-21,2017-07-01
1140,4,2017-07-22,9.59,2017-07-22,2017-07-01
1141,4,2017-07-23,42.18,2017-07-23,2017-07-01
1142,4,2017-07-24,153.37,2017-07-24,2017-07-01
1143,4,2017-07-25,89.37,2017-07-25,2017-07-01
1144,4,2017-07-26,60.41,2017-07-26,2017-07-01
1145,4,2017-07-27,141.77,2017-07-27,2017-07-01
1146,4,2017-07-28,126.26,2017-07-28,2017-07-01
1147,4,2017-07-29,29.52,2017-07-29,2017-07-01
1148,4,2017-07-30,27.97,2017-07-30,2017-07-01
1149,4,2017-07-31,149.73,2017-07-31,2017-07-01
1150,4,2017-08-01,36.22,2017-08-01,2017-08-01
1151,4,2017-08-02,109.08,2017-08-02,2017-08-01
1152,4,2017-08-03,167.72,2017-08-03,2017-08-01
1153,4,2017-08-04,109.33,2017-08-04,2017-08-01
1154,4,2017-08-05,73.41,2017-08-05,2017-08-01
1155,4,2017-08-06,31.19,2017-08-06,2017-08-01
1156,4,2017-08-07,8.36,2017-08-07,2017-08-01
1157,4,2017-08-08,39.92,2017-08-08,2017-08-01
1158,4,2017-08-09,92.77,2017-08-09,2017-08-01
1159,4,2017-08-10,91.02,2017-08-10,2017-08-01
1160,4,2017-08-11,106.65,2017-08-11,2017-08-01
1161,4,2017-08-12,69.85,2017-08-12,2017-08-01
1162,4,2017-08-13,84.61,2017-08-13,2017-08-01
1163,4,2017-08-14,35.83,2017-08-14,2017-08-01
1164,4,2017-08-15,210.6,2017-08-15,2017-08-01
1165,4,2017-08-16,228.72,2017-08-16,2017-08-01
1166,4,2017-08-17,19.99,2017-08-17,2017-08-01
1167,4,2017-08-18,129.32,2017-08-18,2017-08-01
1168,4,2017-08-19,184.76,2017-08-19,2017-08-01
1169,4,2017-08-20,28.41,2017-08-20,2017-08-01
1170,4,2017-08-21,4.0,2017-08-21,2017-08-01
1171,4,2017-08-22,214.23,2017-08-22,2017-08-01
1172,4,2017-08-23,130.07,2017-08-23,2017-08-01
1173,4,2017-08-24,45.19,2017-08-24,2017-08-01
1174,4,2017-08-25,174.93,2017-08-25,2017-08-01
1175,4,2017-08-26,33.11,2017-08-26,2017-08-01
1176,4,2017-08-27,212.58,2017-08-27,2017-08-01
1177,4,2017-08-28,113.71,2017-08-28,2017-08-01
1178,4,2017-08-29,1.74,2017-08-29,2017-08-01
1179,4,2017-08-30,316.81,2017-08-30,2017-08-01
1180,4,2017-08-31,113.23,2017-08-31,2017-08-01
1181,4,2017-09-01,54.43,2017-09-01,2017-09-01
1182,4,2017-09-02,59.41,2017-09-02,2017-09-01
1183,4,2017-09-03,208.19,2017-09-03,2017-09-01
1184,4,2017-09-04,249.91,2017-09-04,2017-09-01
1185,4,2017-09-05,73.44,2017-09-05,2017-09-01
1186,4,2017-09-06,263.13,2017-09-06,2017-09-01
1187,4,2017-09-07,362.7,2017-09-07,2017-09-01
1188,4,2017-09-08,307.03,2017-09-08,2017-09-01
1189,4,2017-09-09,50.32,2017-09-09,2017-09-01
1190,4,2017-09-10,118.53,2017-09-10,2017-09-01
1191,4,2017-09-11,83.39,2017-09-11,2017-09-01
1192,4,2017-09-12,181.7,2017-09-12,2017-09-01
1193,4,2017-09-13,138.54,2017-09-13,2017-09-01
1194,4,2017-09-14,331.25,2017-09-14,2017-09-01
1195,4,2017-09-15,107.81,2017-09-15,2017-09-01
1196,4,2017-09-16,223.44,2017-09-16,2017-09-01
1197,4,2017-09-17,59.76,2017-09-17,2017-09-01
1198,4,2017-09-18,154.6,2017-09-18,2017-09-01
1199,4,2017-09-19,10.23,2017-09-19,2017-09-01
1200,4,2017-09-20,51.3,2017-09-20,2017-09-01
1201,4,2017-09-21,95.94,2017-09-21,2017-09-01
1202,4,2017-09-22,359.35,2017-09-22,2017-09-01
1203,4,2017-09-23,127.75,2017-09-23,2017-09-01
1204,4,2017-09-24,170.74,2017-09-24,2017-09-01
1205,4,2017-09-25,46.58,2017-09-25,2017-09-01
1206,4,2017-09-26,261.97,2017-09-26,2017-09-01
1207,4,2017-09-27,48.69,2017-09-27,2017-09-01
1208,4,2017-09-28,270.94,2017-09-28,2017-09-01
1209,4,2017-09-29,523.77,2017-09-29,2017-09-01
1210,4,2017-09-30,197.42,2017-09-30,2017-09-01
1211,4,2017-10-01,282.74,2017-10-01,2017-10-01
1212,4,2017-10-02,129.08,2017-10-02,2017-10-01
1213,4,2017-10-03,119.74,2017-10-03,2017-10-01
1214,4,2017-10-04,161.14,2017-10-04,2017-10-01
1215,4,2017-10-05,434.14,2017-10-05,2017-10-01
1216,4,2017-10-06,172.24,2017-10-06,2017-10-01
1217,4,2017-10-07,259.13,2017-10-07,2017-10-01
1218,4,2017-10-08,154.38,2017-10-08,2017-10-01
1219,4,2017-10-09,263.95,2017-10-09,2017-10-01
1220,4,2017-10-10,305.53,2017-10-10,2017-10-01
1221,4,2017-10-11,113.03,2017-10-11,2017-10-01
1222,4,2017-10-12,63.37,2017-10-12,2017-10-01
1223,4,2017-10-13,12.16,2017-10-13,2017-10-01
1224,4,2017-10-14,109.49,2017-10-14,2017-10-01
1225,4,2017-10-15,60.02,2017-10-15,2017-10-01
1226,4,2017-10-16,103.63,2017-10-16,2017-10-01
1227,4,2017-10-17,1.96,2017-10-17,2017-10-01
1228,4,2017-10-18,103.2,2017-10-18,2017-10-01
1229,4,2017-10-19,287.31,2017-10-19,2017-10-01
1230,4,2017-10-20,378.15,2017-10-20,2017-10-01
1231,4,2017-10-21,561.65,2017-10-21,2017-10-01
1232,4,2017-10-22,258.74,2017-10-22,2017-10-01
1233,4,2017-10-23,274.26,2017-10-23,2017-10-01
1234,4,2017-10-24,243.86,2017-10-24,2017-10-01
1235,4,2017-10-25,235.48,2017-10-25,2017-10-01
1236,4,2017-10-26,300.89,2017-10-26,2017-10-01
1237,4,2017-10-27,395.49,2017-10-27,2017-10-01
1238,4,2017-10-28,85.86,2017-10-28,2017-10-01
1239,4,2017-10-29,236.95,2017-10-29,2017-10-01
1240,4,2017-10-30,309.56,2017-10-30,2017-10-01
1241,4,2017-10-31,3.71,2017-10-31,2017-10-01
1242,4,2017-11-01,90.16,2017-11-01,2017-11-01
1243,4,2017-11-02,270.7,2017-11-02,2017-11-01
1244,4,2017-11-03,48.25,2017-11-03,2017-11-01
1245,4,2017-11-04,228.73,2017-11-04,2017-11-01
1246,4,2017-11-05,387.64,2017-11-05,2017-11-01
1247,4,2017-11-06,223.11,2017-11-06,2017-11-01
1248,4,2017-11-07,50.19,2017-11-07,2017-11-01
1249,4,2017-11-08,312.31,2017-11-08,2017-11-01
1250,4,2017-11-09,4.09,2017-11-09,2017-11-01
1251,4,2017-11-10,224.96,2017-11-10,2017-11-01
1252,4,2017-11-11,318.96,2017-11-11,2017-11-01
1253,4,2017-11-12,256.17,2017-11-12,2017-11-01
1254,4,2017-11-13,458.41,2017-11-13,2017-11-01
1255,4,2017-11-14,57.03,2017-11-14,2017-11-01
1256,4,2017-11-15,32.09,2017-11-15,2017-11-01
1257,4,2017-11-16,418.31,2017-11-16,2017-11-01
1258,4,2017-11-17,86.21,2017-11-17,2017-11-01
1259,4,2017-11-18,312.73,2017-11-18,2017-11-01
1260,4,2017-11-19,51.8,2017-11-19,2017-11-01
1261,4,2017-11-20,7.19,2017-11-20,2017-11-01
1262,4,2017-11-21,22.24,2017-11-21,2017-11-01
1263,4,2017-11-22,236.37,2017-11-22,2017-11-01
1264,4,2017-11-23,47.6,2017-11-23,2017-11-01
1265,4,2017-11-24,80.88,2017-11-24,2017-11-01
1266,4,2017-11-25,267.3,2017-11-25,2017-11-01
1267,4,2017-11-26,58.15,2017-11-26,2017-11-01
1268,4,2017-11-27,68.76,2017-11-27,2017-11-01
1269,4,2017-11-28,87.09,2017-11-28,2017-11-01
1270,4,2017-11-29,242.35,2017-11-29,2017-11-01
1271,4,2017-11-30,439.04,2017-11-30,2017-11-01
1272,4,2017-12-01,104.28,2017-12-01,2017-12-01
1273,4,2017-12-02,117.69,2017-12-02,2017-12-01
1274,4,2017-12-03,256.2,2017-12-03,2017-12-01
1275,4,2017-12-04,473.2,2017-12-04,2017-12-01
1276,4,2017-12-05,788.03,2017-12-05,2017-12-01
1277,4,2017-12-06,85.34,2017-12-06,2017-12-01
1278,4,2017-12-07,372.14,2017-12-07,2017-12-01
1279,4,2017-12-08,28.14,2017-12-08,2017-12-01
1280,4,2017-12-09,367.51,2017-12-09,2017-12-01
1281,4,2017-12-10,66.03,2017-12-10,2017-12-01
1282,4,2017-12-11,509.15,2017-12-11,2017-12-01
1283,4,2017-12-12,325.47,2017-12-12,2017-12-01
1284,4,2017-12-13,191.42,2017-12-13,2017-12-01
1285,4,2017-12-14,279.2,2017-12-14,2017-12-01
1286,4,2017-12-15,593.39,2017-12-15,2017-12-01
1287,4,2017-12-16,95.71,2017-12-16,2017-12-01
1288,4,2017-12-17,421.49,2017-12-17,2017-12-01
1289,4,2017-12-18,72.47,2017-12-18,2017-12-01
1290,4,2017-12-19,42.16,2017-12-19,2017-12-01
1291,4,2017-12-20,229.25,2017-12-20,2017-12-01
1292,4,2017-12-21,219.21,2017-12-21,2017-12-01
1293,4,2017-12-22,64.88,2017-12-22,2017-12-01
1294,4,2017-12-23,457.46,2017-12-23,2017-12-01
1295,4,2017-12-24,25.28,2017-12-24,2017-12-01
1296,4,2017-12-25,304.38,2017-12-25,2017-12-01
1297,4,2017-12-26,252.6,2017-12-26,2017-12-01
1298,4,2017-12-27,187.92,2017-12-27,2017-12-01
1299,4,2017-12-28,89.49,2017-12-28,2017-12-01
1300,4,2017-12-29,362.48,2017-12-29,2017-12-01
1301,4,2017-12-30,237.85,2017-12-30,2017-12-01
1302,4,2017-12-31,60.65,2017-12-31,2017-12-01
1303,4,2018-01-01,92.45,2018-01-01,2018-01-01
1304,4,2018-01-02,281.71,2018-01-02,2018-01-01
1305,4,2018-01-03,102.03,2018-01-03,2018-01-01
1306,4,2018-01-04,194.2,2018-01-04,2018-01-01
1307,4,2018-01-05,118.87,2018-01-05,2018-01-01
1308,4,2018-01-06,301.0,2018-01-06,2018-01-01
1309,4,2018-01-07,130.14,2018-01-07,2018-01-01
1310,4,2018-01-08,14.55,2018-01-08,2018-01-01
1311,4,2018-01-09,66.62,2018-01-09,2018-01-01
1312,4,2018-01-10,67.72,2018-01-10,2018-01-01
1313,4,2018-01-11,557.49,2018-01-11,2018-01-01
1314,4,2018-01-12,159.19,2018-01-12,2018-01-01
1315,4,2018-01-13,68.96,2018-01-13,2018-01-01
1316,4,2018-01-14,99.48,2018-01-14,2018-01-01
1317,4,2018-01-15,19.93,2018-01-15,2018-01-01
1318,4,2018-01-16,420.21,2018-01-16,2018-01-01
1319,4,2018-01-17,386.59,2018-01-17,2018-01-01
1320,4,2018-01-18,94.14,2018-01-18,2018-01-01
1321,4,2018-01-19,363.74,2018-01-19,2018-01-01
1322,4,2018-01-20,96.7,2018-01-20,2018-01-01
1323,4,2018-01-21,212.55,2018-01-21,2018-01-01
1324,4,2018-01-22,560.97,2018-01-22,2018-01-01
1325,4,2018-01-23,11.67,2018-01-23,2018-01-01
1326,4,2018-01-24,106.02,2018-01-24,2018-01-01
1327,4,2018-01-25,8.81,2018-01-25,2018-01-01
1328,4,2018-01-26,379.13,2018-01-26,2018-01-01
1329,4,2018-01-27,227.3,2018-01-27,2018-01-01
1330,4,2018-01-28,152.14,2018-01-28,2018-01-01
1331,4,2018-01-29,315.11,2018-01-29,2018-01-01
1332,4,2018-01-30,149.99,2018-01-30,2018-01-01
1333,4,2018-01-31,73.38,2018-01-31,2018-01-01
1334,4,2018-02-01,10.46,2018-02-01,2018-02-01
1335,4,2018-02-02,290.24,2018-02-02,2018-02-01
1336,4,2018-02-03,84.62,2018-02-03,2018-02-01
1337,4,2018-02-04,155.41,2018-02-04,2018-02-01
1338,4,2018-02-05,167.23,2018-02-05,2018-02-01
1339,4,2018-02-06,185.07,2018-02-06,2018-02-01
1340,4,2018-02-07,4.7,2018-02-07,2018-02-01
1341,4,2018-02-08,202.29,2018-02-08,2018-02-01
1342,4,2018-02-09,281.17,2018-02-09,2018-02-01
1343,4,2018-02-10,718.84,2018-02-10,2018-02-01
1344,4,2018-02-11,350.14,2018-02-11,2018-02-01
1345,4,2018-02-12,414.37,2018-02-12,2018-02-01
1346,4,2018-02-13,112.65,2018-02-13,2018-02-01
1347,4,2018-02-14,8.12,2018-02-14,2018-02-01
1348,4,2018-02-15,427.46,2018-02-15,2018-02-01
1349,4,2018-02-16,138.81,2018-02-16,2018-02-01
1350,4,2018-02-17,100.71,2018-02-17,2018-02-01
1351,4,2018-02-18,440.81,2018-02-18,2018-02-01
1352,4,2018-02-19,164.76,2018-02-19,2018-02-01
1353,4,2018-02-20,286.74,2018-02-20,2018-02-01
1354,4,2018-02-21,260.03,2018-02-21,2018-02-01
1355,4,2018-02-22,131.14,2018-02-22,2018-02-01
1356,4,2018-02-23,85.63,2018-02-23,2018-02-01
1357,4,2018-02-24,180.81,2018-02-24,2018-02-01
1358,4,2018-02-25,258.94,2018-02-25,2018-02-01
1359,4,2018-02-26,57.12,2018-02-26,2018-02-01
1360,4,2018-02-27,69.79,2018-02-27,2018-02-01
1361,4,2018-02-28,123.9,2018-02-28,2018-02-01
1362,4,2018-03-01,364.8,2018-03-01,2018-03-01
1363,4,2018-03-02,40.49,2018-03-02,2018-03-01
1364,4,2018-03-03,6.31,2018-03-03,2018-03-01
1365,4,2018-03-04,104.19,2018-03-04,2018-03-01
1366,4,2018-03-05,335.27,2018-03-05,2018-03-01
1367,4,2018-03-06,348.6,2018-03-06,2018-03-01
1368,4,2018-03-07,336.61,2018-03-07,2018-03-01
1369,4,2018-03-08,275.19,2018-03-08,2018-03-01
1370,4,2018-03-09,77.68,2018-03-09,2018-03-01
1371,4,2018-03-10,285.0,2018-03-10,2018-03-01
1372,4,2018-03-11,485.34,2018-03-11,2018-03-01
1373,4,2018-03-12,13.89,2018-03-12,2018-03-01
1374,4,2018-03-13,496.42,2018-03-13,2018-03-01
1375,4,2018-03-14,140.16,2018-03-14,2018-03-01
1376,4,2018-03-15,196.12,2018-03-15,2018-03-01
1377,4,2018-03-16,94.32,2018-03-16,2018-03-01
1378,4,2018-03-17,219.68,2018-03-17,2018-03-01
1379,4,2018-03-18,0.83,2018-03-18,2018-03-01
1380,4,2018-03-19,219.8,2018-03-19,2018-03-01
1381,4,2018-03-20,294.67,2018-03-20,2018-03-01
1382,4,2018-03-21,146.74,2018-03-21,2018-03-01
1383,4,2018-03-22,109.82,2018-03-22,2018-03-01
1384,4,2018-03-23,58.34,2018-03-23,2018-03-01
1385,4,2018-03-24,196.0,2018-03-24,2018-03-01
1386,4,2018-03-25,241.82,2018-03-25,2018-03-01
1387,4,2018-03-26,297.49,2018-03-26,2018-03-01
1388,4,2018-03-27,51.2,2018-03-27,2018-03-01
1389,4,2018-03-28,303.04,2018-03-28,2018-03-01
1390,4,2018-03-29,206.36,2018-03-29,2018-03-01
1391,4,2018-03-30,15.69,2018-03-30,2018-03-01
1392,4,2018-04-02,65.09,2018-04-02,2018-04-01
1393,4,2018-04-03,56.98,2018-04-03,2018-04-01
1394,4,2018-04-04,51.62,2018-04-04,2018-04-01
1395,4,2018-04-05,226.01,2018-04-05,2018-04-01
1396,4,2018-04-06,118.28,2018-04-06,2018-04-01
1397,4,2018-04-07,36.92,2018-04-07,2018-04-01
1398,4,2018-04-08,45.96,2018-04-08,2018-04-01
1399,4,2018-04-09,364.56,2018-04-09,2018-04-01
1400,4,2018-04-10,199.19,2018-04-10,2018-04-01
1401,4,2018-04-11,161.69,2018-04-11,2018-04-01
1402,4,2018-04-12,160.14,2018-04-12,2018-04-01
1403,4,2018-04-13,487.0,2018-04-13,2018-04-01
1404,4,2018-04-14,243.86,2018-04-14,2018-04-01
1405,4,2018-04-15,144.55,2018-04-15,2018-04-01
1406,4,2018-04-16,210.94,2018-04-16,2018-04-01
1407,4,2018-04-17,50.59,2018-04-17,2018-04-01
1408,4,2018-04-18,68.18,2018-04-18,2018-04-01
1409,4,2018-04-19,45.03,2018-04-19,2018-04-01
1410,4,2018-04-20,357.11,2018-04-20,2018-04-01
1411,4,2018-04-21,4.55,2018-04-21,2018-04-01
1412,4,2018-04-22,210.54,2018-04-22,2018-04-01
1413,4,2018-04-23,65.52,2018-04-23,2018-04-01
1414,4,2018-04-24,57.69,2018-04-24,2018-04-01
1415,4,2018-04-25,14.13,2018-04-25,2018-04-01
1416,4,2018-04-26,346.0,2018-04-26,2018-04-01
1417,4,2018-04-27,207.3,2018-04-27,2018-04-01
1418,4,2018-04-28,12.44,2018-04-28,2018-04-01
1419,4,2018-04-29,339.13,2018-04-29,2018-04-01
1420,4,2018-04-30,57.49,2018-04-30,2018-04-01
1421,4,2018-05-01,130.82,2018-05-01,2018-05-01
1422,4,2018-05-02,136.8,2018-05-02,2018-05-01
1423,4,2018-05-03,164.61,2018-05-03,2018-05-01
1424,4,2018-05-04,196.83,2018-05-04,2018-05-01
1425,4,2018-05-05,160.29,2018-05-05,2018-05-01
1426,4,2018-05-06,39.57,2018-05-06,2018-05-01
1427,4,2018-05-07,192.17,2018-05-07,2018-05-01
1428,4,2018-05-08,132.93,2018-05-08,2018-05-01
1429,4,2018-05-09,133.48,2018-05-09,2018-05-01
1430,4,2018-05-10,60.58,2018-05-10,2018-05-01
1431,4,2018-05-11,1.31,2018-05-11,2018-05-01
1432,4,2018-05-12,58.74,2018-05-12,2018-05-01
1433,4,2018-05-13,145.15,2018-05-13,2018-05-01
1434,4,2018-05-14,93.19,2018-05-14,2018-05-01
1435,4,2018-05-15,48.68,2018-05-15,2018-05-01
1436,4,2018-05-16,199.99,2018-05-16,2018-05-01
1437,4,2018-05-17,227.86,2018-05-17,2018-05-01
1438,4,2018-05-18,265.19,2018-05-18,2018-05-01
1439,4,2018-05-19,179.98,2018-05-19,2018-05-01
1440,4,2018-05-20,195.92,2018-05-20,2018-05-01
1441,4,2018-05-21,80.09,2018-05-21,2018-05-01
1442,4,2018-05-22,235.27,2018-05-22,2018-05-01
1443,4,2018-05-23,59.62,2018-05-23,2018-05-01
1444,4,2018-05-24,288.83,2018-05-24,2018-05-01
1445,4,2018-05-25,28.02,2018-05-25,2018-05-01
1446,4,2018-05-26,46.98,2018-05-26,2018-05-01
1447,4,2018-05-27,28.04,2018-05-27,2018-05-01
1448,4,2018-05-28,68.88,2018-05-28,2018-05-01
1449,4,2018-05-29,103.84,2018-05-29,2018-05-01
1450,4,2018-05-30,18.01,2018-05-30,2018-05-01
1451,4,2018-05-31,492.54,2018-05-31,2018-05-01
1452,5,2017-06-01,73.24,2017-06-01,2017-06-01
1453,5,2017-06-02,123.82,2017-06-02,2017-06-01
1454,5,2017-06-03,64.93,2017-06-03,2017-06-01
1455,5,2017-06-04,52.77,2017-06-04,2017-06-01
1456,5,2017-06-05,144.3,2017-06-05,2017-06-01
1457,5,2017-06-06,136.43,2017-06-06,2017-06-01
1458,5,2017-06-07,123.15,2017-06-07,2017-06-01
1459,5,2017-06-08,156.32,2017-06-08,2017-06-01
1460,5,2017-06-09,130.94,2017-06-09,2017-06-01
1461,5,2017-06-10,72.51,2017-06-10,2017-06-01
1462,5,2017-06-11,41.89,2017-06-11,2017-06-01
1463,5,2017-06-12,64.6,2017-06-12,2017-06-01
1464,5,2017-06-13,81.81,2017-06-13,2017-06-01
1465,5,2017-06-14,81.15,2017-06-14,2017-06-01
1466,5,2017-06-15,116.72,2017-06-15,2017-06-01
1467,5,2017-06-16,102.74,2017-06-16,2017-06-01
1468,5,2017-06-17,63.85,2017-06-17,2017-06-01
1469,5,2017-06-18,51.2,2017-06-18,2017-06-01
1470,5,2017-06-19,71.66,2017-06-19,2017-06-01
1471,5,2017-06-20,106.82,2017-06-20,2017-06-01
1472,5,2017-06-21,69.14,2017-06-21,2017-06-01
1473,5,2017-06-22,94.81,2017-06-22,2017-06-01
1474,5,2017-06-23,65.49,2017-06-23,2017-06-01
1475,5,2017-06-24,50.51,2017-06-24,2017-06-01
1476,5,2017-06-25,70.65,2017-06-25,2017-06-01
1477,5,2017-06-26,111.47,2017-06-26,2017-06-01
1478,5,2017-06-27,80.62,2017-06-27,2017-06-01
1479,5,2017-06-28,60.32,2017-06-28,2017-06-01
1480,5,2017-06-29,74.38,2017-06-29,2017-06-01
1481,5,2017-06-30,77.88,2017-06-30,2017-06-01
1482,5,2017-07-01,72.99,2017-07-01,2017-07-01
1483,5,2017-07-02,45.97,2017-07-02,2017-07-01
1484,5,2017-07-03,107.34,2017-07-03,2017-07-01
1485,5,2017-07-04,92.4,2017-07-04,2017-07-01
1486,5,2017-07-05,76.88,2017-07-05,2017-07-01
1487,5,2017-07-06,119.51,2017-07-06,2017-07-01
1488,5,2017-07-07,123.22,2017-07-07,2017-07-01
1489,5,2017-07-08,56.8,2017-07-08,2017-07-01
1490,5,2017-07-09,77.58,2017-07-09,2017-07-01
1491,5,2017-07-10,100.74,2017-07-10,2017-07-01
1492,5,2017-07-11,89.67,2017-07-11,2017-07-01
1493,5,2017-07-12,103.19,2017-07-12,2017-07-01
1494,5,2017-07-13,156.89,2017-07-13,2017-07-01
1495,5,2017-07-14,143.57,2017-07-14,2017-07-01
1496,5,2017-07-15,161.95,2017-07-15,2017-07-01
1497,5,2017-07-16,96.74,2017-07-16,2017-07-01
1498,5,2017-07-17,186.09,2017-07-17,2017-07-01
1499,5,2017-07-18,148.57,2017-07-18,2017-07-01
1500,5,2017-07-19,132.52,2017-07-19,2017-07-01
1501,5,2017-07-20,108.2,2017-07-20,2017-07-01
1502,5,2017-07-21,61.18,2017-07-21,2017-07-01
1503,5,2017-07-22,54.08,2017-07-22,2017-07-01
1504,5,2017-07-23,52.58,2017-07-23,2017-07-01
1505,5,2017-07-24,116.97,2017-07-24,2017-07-01
1506,5,2017-07-25,77.35,2017-07-25,2017-07-01
1507,5,2017-07-26,71.7,2017-07-26,2017-07-01
1508,5,2017-07-27,113.6,2017-07-27,2017-07-01
1509,5,2017-07-28,57.68,2017-07-28,2017-07-01
1510,5,2017-07-29,47.6,2017-07-29,2017-07-01
1511,5,2017-07-30,55.95,2017-07-30,2017-07-01
1512,5,2017-07-31,88.63,2017-07-31,2017-07-01
1513,5,2017-08-01,52.78,2017-08-01,2017-08-01
1514,5,2017-08-02,63.8,2017-08-02,2017-08-01
1515,5,2017-08-03,64.27,2017-08-03,2017-08-01
1516,5,2017-08-04,46.88,2017-08-04,2017-08-01
1517,5,2017-08-05,36.28,2017-08-05,2017-08-01
1518,5,2017-08-06,27.82,2017-08-06,2017-08-01
1519,5,2017-08-07,71.4,2017-08-07,2017-08-01
1520,5,2017-08-08,65.5,2017-08-08,2017-08-01
1521,5,2017-08-09,72.48,2017-08-09,2017-08-01
1522,5,2017-08-10,79.18,2017-08-10,2017-08-01
1523,5,2017-08-11,85.24,2017-08-11,2017-08-01
1524,5,2017-08-12,46.54,2017-08-12,2017-08-01
1525,5,2017-08-13,47.43,2017-08-13,2017-08-01
1526,5,2017-08-14,82.15,2017-08-14,2017-08-01
1527,5,2017-08-15,61.24,2017-08-15,2017-08-01
1528,5,2017-08-16,81.53,2017-08-16,2017-08-01
1529,5,2017-08-17,65.24,2017-08-17,2017-08-01
1530,5,2017-08-18,100.28,2017-08-18,2017-08-01
1531,5,2017-08-19,45.55,2017-08-19,2017-08-01
1532,5,2017-08-20,54.85,2017-08-20,2017-08-01
1533,5,2017-08-21,88.5,2017-08-21,2017-08-01
1534,5,2017-08-22,72.48,2017-08-22,2017-08-01
1535,5,2017-08-23,82.29,2017-08-23,2017-08-01
1536,5,2017-08-24,89.01,2017-08-24,2017-08-01
1537,5,2017-08-25,79.18,2017-08-25,2017-08-01
1538,5,2017-08-26,83.43,2017-08-26,2017-08-01
1539,5,2017-08-27,78.63,2017-08-27,2017-08-01
1540,5,2017-08-28,88.96,2017-08-28,2017-08-01
1541,5,2017-08-29,87.54,2017-08-29,2017-08-01
1542,5,2017-08-30,97.57,2017-08-30,2017-08-01
1543,5,2017-08-31,87.25,2017-08-31,2017-08-01
1544,5,2017-09-01,119.64,2017-09-01,2017-09-01
1545,5,2017-09-02,90.42,2017-09-02,2017-09-01
1546,5,2017-09-03,78.45,2017-09-03,2017-09-01
1547,5,2017-09-04,108.52,2017-09-04,2017-09-01
1548,5,2017-09-05,94.98,2017-09-05,2017-09-01
1549,5,2017-09-06,98.49,2017-09-06,2017-09-01
1550,5,2017-09-07,133.6,2017-09-07,2017-09-01
1551,5,2017-09-08,142.4,2017-09-08,2017-09-01
1552,5,2017-09-09,81.99,2017-09-09,2017-09-01
1553,5,2017-09-10,67.69,2017-09-10,2017-09-01
1554,5,2017-09-11,131.9,2017-09-11,2017-09-01
1555,5,2017-09-12,106.66,2017-09-12,2017-09-01
1556,5,2017-09-13,89.67,2017-09-13,2017-09-01
1557,5,2017-09-14,152.54,2017-09-14,2017-09-01
1558,5,2017-09-15,147.87,2017-09-15,2017-09-01
1559,5,2017-09-16,102.66,2017-09-16,2017-09-01
1560,5,2017-09-17,79.43,2017-09-17,2017-09-01
1561,5,2017-09-18,241.06,2017-09-18,2017-09-01
1562,5,2017-09-19,125.87,2017-09-19,2017-09-01
1563,5,2017-09-20,105.49,2017-09-20,2017-09-01
1564,5,2017-09-21,119.97,2017-09-21,2017-09-01
1565,5,2017-09-22,127.55,2017-09-22,2017-09-01
1566,5,2017-09-23,79.47,2017-09-23,2017-09-01
1567,5,2017-09-24,138.4,2017-09-24,2017-09-01
1568,5,2017-09-25,277.25,2017-09-25,2017-09-01
1569,5,2017-09-26,165.83,2017-09-26,2017-09-01
1570,5,2017-09-27,165.46,2017-09-27,2017-09-01
1571,5,2017-09-28,186.56,2017-09-28,2017-09-01
1572,5,2017-09-29,162.61,2017-09-29,2017-09-01
1573,5,2017-09-30,126.71,2017-09-30,2017-09-01
1574,5,2017-10-01,131.62,2017-10-01,2017-10-01
1575,5,2017-10-02,163.98,2017-10-02,2017-10-01
1576,5,2017-10-03,249.43,2017-10-03,2017-10-01
1577,5,2017-10-04,203.27,2017-10-04,2017-10-01
1578,5,2017-10-05,195.54,2017-10-05,2017-10-01
1579,5,2017-10-06,224.15,2017-10-06,2017-10-01
1580,5,2017-10-07,209.63,2017-10-07,2017-10-01
1581,5,2017-10-08,126.07,2017-10-08,2017-10-01
1582,5,2017-10-09,201.99,2017-10-09,2017-10-01
1583,5,2017-10-10,131.21,2017-10-10,2017-10-01
1584,5,2017-10-11,168.86,2017-10-11,2017-10-01
1585,5,2017-10-12,173.81,2017-10-12,2017-10-01
1586,5,2017-10-13,238.24,2017-10-13,2017-10-01
1587,5,2017-10-14,149.78,2017-10-14,2017-10-01
1588,5,2017-10-15,158.86,2017-10-15,2017-10-01
1589,5,2017-10-16,238.57,2017-10-16,2017-10-01
1590,5,2017-10-17,121.31,2017-10-17,2017-10-01
1591,5,2017-10-18,226.92,2017-10-18,2017-10-01
1592,5,2017-10-19,148.06,2017-10-19,2017-10-01
1593,5,2017-10-20,189.67,2017-10-20,2017-10-01
1594,5,2017-10-21,108.48,2017-10-21,2017-10-01
1595,5,2017-10-22,155.01,2017-10-22,2017-10-01
1596,5,2017-10-23,216.83,2017-10-23,2017-10-01
1597,5,2017-10-24,194.72,2017-10-24,2017-10-01
1598,5,2017-10-25,178.97,2017-10-25,2017-10-01
1599,5,2017-10-26,158.5,2017-10-26,2017-10-01
1600,5,2017-10-27,221.31,2017-10-27,2017-10-01
1601,5,2017-10-28,204.82,2017-10-28,2017-10-01
1602,5,2017-10-29,205.15,2017-10-29,2017-10-01
1603,5,2017-10-30,234.35,2017-10-30,2017-10-01
1604,5,2017-10-31,238.29,2017-10-31,2017-10-01
1605,5,2017-11-01,211.73,2017-11-01,2017-11-01
1606,5,2017-11-02,227.62,2017-11-02,2017-11-01
1607,5,2017-11-03,186.36,2017-11-03,2017-11-01
1608,5,2017-11-04,157.44,2017-11-04,2017-11-01
1609,5,2017-11-05,162.07,2017-11-05,2017-11-01
1610,5,2017-11-06,158.74,2017-11-06,2017-11-01
1611,5,2017-11-07,122.07,2017-11-07,2017-11-01
1612,5,2017-11-08,221.81,2017-11-08,2017-11-01
1613,5,2017-11-09,212.46,2017-11-09,2017-11-01
1614,5,2017-11-10,191.35,2017-11-10,2017-11-01
1615,5,2017-11-11,170.58,2017-11-11,2017-11-01
1616,5,2017-11-12,145.53,2017-11-12,2017-11-01
1617,5,2017-11-13,249.78,2017-11-13,2017-11-01
1618,5,2017-11-14,198.26,2017-11-14,2017-11-01
1619,5,2017-11-15,169.23,2017-11-15,2017-11-01
1620,5,2017-11-16,216.46,2017-11-16,2017-11-01
1621,5,2017-11-17,195.2,2017-11-17,2017-11-01
1622,5,2017-11-18,176.74,2017-11-18,2017-11-01
1623,5,2017-11-19,191.84,2017-11-19,2017-11-01
1624,5,2017-11-20,214.02,2017-11-20,2017-11-01
1625,5,2017-11-21,220.65,2017-11-21,2017-11-01
1626,5,2017-11-22,176.34,2017-11-22,2017-11-01
1627,5,2017-11-23,207.62,2017-11-23,2017-11-01
1628,5,2017-11-24,719.22,2017-11-24,2017-11-01
1629,5,2017-11-25,247.53,2017-11-25,2017-11-01
1630,5,2017-11-26,137.72,2017-11-26,2017-11-01
1631,5,2017-11-27,229.15,2017-11-27,2017-11-01
1632,5,2017-11-28,230.64,2017-11-28,2017-11-01
1633,5,2017-11-29,146.91,2017-11-29,2017-11-01
1634,5,2017-11-30,230.27,2017-11-30,2017-11-01
1635,5,2017-12-01,216.67,2017-12-01,2017-12-01
1636,5,2017-12-02,149.99,2017-12-02,2017-12-01
1637,5,2017-12-03,198.06,2017-12-03,2017-12-01
1638,5,2017-12-04,231.08,2017-12-04,2017-12-01
1639,5,2017-12-05,201.66,2017-12-05,2017-12-01
1640,5,2017-12-06,200.93,2017-12-06,2017-12-01
1641,5,2017-12-07,279.31,2017-12-07,2017-12-01
1642,5,2017-12-08,174.57,2017-12-08,2017-12-01
1643,5,2017-12-09,164.53,2017-12-09,2017-12-01
1644,5,2017-12-10,158.58,2017-12-10,2017-12-01
1645,5,2017-12-11,180.75,2017-12-11,2017-12-01
1646,5,2017-12-12,213.72,2017-12-12,2017-12-01
1647,5,2017-12-13,234.93,2017-12-13,2017-12-01
1648,5,2017-12-14,160.58,2017-12-14,2017-12-01
1649,5,2017-12-15,224.7,2017-12-15,2017-12-01
1650,5,2017-12-16,199.98,2017-12-16,2017-12-01
1651,5,2017-12-17,191.3,2017-12-17,2017-12-01
1652,5,2017-12-18,157.6,2017-12-18,2017-12-01
1653,5,2017-12-19,192.92,2017-12-19,2017-12-01
1654,5,2017-12-20,203.87,2017-12-20,2017-12-01
1655,5,2017-12-21,193.1,2017-12-21,2017-12-01
1656,5,2017-12-22,196.05,2017-12-22,2017-12-01
1657,5,2017-12-23,99.26,2017-12-23,2017-12-01
1658,5,2017-12-24,120.99,2017-12-24,2017-12-01
1659,5,2017-12-25,256.12,2017-12-25,2017-12-01
1660,5,2017-12-26,194.26,2017-12-26,2017-12-01
1661,5,2017-12-27,197.18,2017-12-27,2017-12-01
1662,5,2017-12-28,186.49,2017-12-28,2017-12-01
1663,5,2017-12-29,186.47,2017-12-29,2017-12-01
1664,5,2017-12-30,179.95,2017-12-30,2017-12-01
1665,5,2017-12-31,126.92,2017-12-31,2017-12-01
1666,5,2018-01-01,149.29,2018-01-01,2018-01-01
1667,5,2018-01-02,229.42,2018-01-02,2018-01-01
1668,5,2018-01-03,258.04,2018-01-03,2018-01-01
1669,5,2018-01-04,197.0,2018-01-04,2018-01-01
1670,5,2018-01-05,163.93,2018-01-05,2018-01-01
1671,5,2018-01-06,136.59,2018-01-06,2018-01-01
1672,5,2018-01-07,144.77,2018-01-07,2018-01-01
1673,5,2018-01-08,172.25,2018-01-08,2018-01-01
1674,5,2018-01-09,258.67,2018-01-09,2018-01-01
1675,5,2018-01-10,180.34,2018-01-10,2018-01-01
1676,5,2018-01-11,151.49,2018-01-11,2018-01-01
1677,5,2018-01-12,143.27,2018-01-12,2018-01-01
1678,5,2018-01-13,107.32,2018-01-13,2018-01-01
1679,5,2018-01-14,197.52,2018-01-14,2018-01-01
1680,5,2018-01-15,180.38,2018-01-15,2018-01-01
1681,5,2018-01-16,184.09,2018-01-16,2018-01-01
1682,5,2018-01-17,122.96,2018-01-17,2018-01-01
1683,5,2018-01-18,132.77,2018-01-18,2018-01-01
1684,5,2018-01-19,172.78,2018-01-19,2018-01-01
1685,5,2018-01-20,171.87,2018-01-20,2018-01-01
1686,5,2018-01-21,202.48,2018-01-21,2018-01-01
1687,5,2018-01-22,179.15,2018-01-22,2018-01-01
1688,5,2018-01-23,171.39,2018-01-23,2018-01-01
1689,5,2018-01-24,194.0,2018-01-24,2018-01-01
1690,5,2018-01-25,189.62,2018-01-25,2018-01-01
1691,5,2018-01-26,151.74,2018-01-26,2018-01-01
1692,5,2018-01-27,152.74,2018-01-27,2018-01-01
1693,5,2018-01-28,129.77,2018-01-28,2018-01-01
1694,5,2018-01-29,166.69,2018-01-29,2018-01-01
1695,5,2018-01-30,205.38,2018-01-30,2018-01-01
1696,5,2018-01-31,173.81,2018-01-31,2018-01-01
1697,5,2018-02-01,298.58,2018-02-01,2018-02-01
1698,5,2018-02-02,179.62,2018-02-02,2018-02-01
1699,5,2018-02-03,207.45,2018-02-03,2018-02-01
1700,5,2018-02-04,173.87,2018-02-04,2018-02-01
1701,5,2018-02-05,153.29,2018-02-05,2018-02-01
1702,5,2018-02-06,133.46,2018-02-06,2018-02-01
1703,5,2018-02-07,146.27,2018-02-07,2018-02-01
1704,5,2018-02-08,265.77,2018-02-08,2018-02-01
1705,5,2018-02-09,154.21,2018-02-09,2018-02-01
1706,5,2018-02-10,210.04,2018-02-10,2018-02-01
1707,5,2018-02-11,130.62,2018-02-11,2018-02-01
1708,5,2018-02-12,227.87,2018-02-12,2018-02-01
1709,5,2018-02-13,160.7,2018-02-13,2018-02-01
1710,5,2018-02-14,221.87,2018-02-14,2018-02-01
1711,5,2018-02-15,201.97,2018-02-15,2018-02-01
1712,5,2018-02-16,148.87,2018-02-16,2018-02-01
1713,5,2018-02-17,115.34,2018-02-17,2018-02-01
1714,5,2018-02-18,134.3,2018-02-18,2018-02-01
1715,5,2018-02-19,236.22,2018-02-19,2018-02-01
1716,5,2018-02-20,168.85,2018-02-20,2018-02-01
1717,5,2018-02-21,148.55,2018-02-21,2018-02-01
1718,5,2018-02-22,175.53,2018-02-22,2018-02-01
1719,5,2018-02-23,165.88,2018-02-23,2018-02-01
1720,5,2018-02-24,174.26,2018-02-24,2018-02-01
1721,5,2018-02-25,136.0,2018-02-25,2018-02-01
1722,5,2018-02-26,242.06,2018-02-26,2018-02-01
1723,5,2018-02-27,212.55,2018-02-27,2018-02-01
1724,5,2018-02-28,147.31,2018-02-28,2018-02-01
1725,5,2018-03-01,196.74,2018-03-01,2018-03-01
1726,5,2018-03-02,176.96,2018-03-02,2018-03-01
1727,5,2018-03-03,101.78,2018-03-03,2018-03-01
1728,5,2018-03-04,140.6,2018-03-04,2018-03-01
1729,5,2018-03-05,146.43,2018-03-05,2018-03-01
1730,5,2018-03-06,169.46,2018-03-06,2018-03-01
1731,5,2018-03-07,169.37,2018-03-07,2018-03-01
1732,5,2018-03-08,163.48,2018-03-08,2018-03-01
1733,5,2018-03-09,125.79,2018-03-09,2018-03-01
1734,5,2018-03-10,140.43,2018-03-10,2018-03-01
1735,5,2018-03-11,100.82,2018-03-11,2018-03-01
1736,5,2018-03-12,180.57,2018-03-12,2018-03-01
1737,5,2018-03-13,158.83,2018-03-13,2018-03-01
1738,5,2018-03-14,113.37,2018-03-14,2018-03-01
1739,5,2018-03-15,127.64,2018-03-15,2018-03-01
1740,5,2018-03-16,136.32,2018-03-16,2018-03-01
1741,5,2018-03-17,120.02,2018-03-17,2018-03-01
1742,5,2018-03-18,122.82,2018-03-18,2018-03-01
1743,5,2018-03-19,119.06,2018-03-19,2018-03-01
1744,5,2018-03-20,183.31,2018-03-20,2018-03-01
1745,5,2018-03-21,157.34,2018-03-21,2018-03-01
1746,5,2018-03-22,265.24,2018-03-22,2018-03-01
1747,5,2018-03-23,150.62,2018-03-23,2018-03-01
1748,5,2018-03-24,155.64,2018-03-24,2018-03-01
1749,5,2018-03-25,207.43,2018-03-25,2018-03-01
1750,5,2018-03-26,241.36,2018-03-26,2018-03-01
1751,5,2018-03-27,167.39,2018-03-27,2018-03-01
1752,5,2018-03-28,120.42,2018-03-28,2018-03-01
1753,5,2018-03-29,144.18,2018-03-29,2018-03-01
1754,5,2018-03-30,25.5,2018-03-30,2018-03-01
1755,5,2018-03-31,0.7,2018-03-31,2018-03-01
1756,5,2018-04-02,63.05,2018-04-02,2018-04-01
1757,5,2018-04-03,117.1,2018-04-03,2018-04-01
1758,5,2018-04-04,108.56,2018-04-04,2018-04-01
1759,5,2018-04-05,88.85,2018-04-05,2018-04-01
1760,5,2018-04-06,118.16,2018-04-06,2018-04-01
1761,5,2018-04-07,90.99,2018-04-07,2018-04-01
1762,5,2018-04-08,85.6,2018-04-08,2018-04-01
1763,5,2018-04-09,122.59,2018-04-09,2018-04-01
1764,5,2018-04-10,116.01,2018-04-10,2018-04-01
1765,5,2018-04-11,136.88,2018-04-11,2018-04-01
1766,5,2018-04-12,163.82,2018-04-12,2018-04-01
1767,5,2018-04-13,119.9,2018-04-13,2018-04-01
1768,5,2018-04-14,68.11,2018-04-14,2018-04-01
1769,5,2018-04-15,79.73,2018-04-15,2018-04-01
1770,5,2018-04-16,139.51,2018-04-16,2018-04-01
1771,5,2018-04-17,124.8,2018-04-17,2018-04-01
1772,5,2018-04-18,150.34,2018-04-18,2018-04-01
1773,5,2018-04-19,122.45,2018-04-19,2018-04-01
1774,5,2018-04-20,191.58,2018-04-20,2018-04-01
1775,5,2018-04-21,130.3,2018-04-21,2018-04-01
1776,5,2018-04-22,149.02,2018-04-22,2018-04-01
1777,5,2018-04-23,159.89,2018-04-23,2018-04-01
1778,5,2018-04-24,153.15,2018-04-24,2018-04-01
1779,5,2018-04-25,153.98,2018-04-25,2018-04-01
1780,5,2018-04-26,171.63,2018-04-26,2018-04-01
1781,5,2018-04-27,135.79,2018-04-27,2018-04-01
1782,5,2018-04-28,81.28,2018-04-28,2018-04-01
1783,5,2018-04-29,83.78,2018-04-29,2018-04-01
1784,5,2018-04-30,74.3,2018-04-30,2018-04-01
1785,5,2018-05-01,79.99,2018-05-01,2018-05-01
1786,5,2018-05-02,65.1,2018-05-02,2018-05-01
1787,5,2018-05-03,109.59,2018-05-03,2018-05-01
1788,5,2018-05-04,82.01,2018-05-04,2018-05-01
1789,5,2018-05-05,92.53,2018-05-05,2018-05-01
1790,5,2018-05-06,100.54,2018-05-06,2018-05-01
1791,5,2018-05-07,104.64,2018-05-07,2018-05-01
1792,5,2018-05-08,84.03,2018-05-08,2018-05-01
1793,5,2018-05-09,61.65,2018-05-09,2018-05-01
1794,5,2018-05-10,99.69,2018-05-10,2018-05-01
1795,5,2018-05-11,93.67,2018-05-11,2018-05-01
1796,5,2018-05-12,69.06,2018-05-12,2018-05-01
1797,5,2018-05-13,85.86,2018-05-13,2018-05-01
1798,5,2018-05-14,112.97,2018-05-14,2018-05-01
1799,5,2018-05-15,108.04,2018-05-15,2018-05-01
1800,5,2018-05-16,134.23,2018-05-16,2018-05-01
1801,5,2018-05-17,156.83,2018-05-17,2018-05-01
1802,5,2018-05-18,82.16,2018-05-18,2018-05-01
1803,5,2018-05-19,112.57,2018-05-19,2018-05-01
1804,5,2018-05-20,109.87,2018-05-20,2018-05-01
1805,5,2018-05-21,108.71,2018-05-21,2018-05-01
1806,5,2018-05-22,126.79,2018-05-22,2018-05-01
1807,5,2018-05-23,156.03,2018-05-23,2018-05-01
1808,5,2018-05-24,102.97,2018-05-24,2018-05-01
1809,5,2018-05-25,115.26,2018-05-25,2018-05-01
1810,5,2018-05-26,115.21,2018-05-26,2018-05-01
1811,5,2018-05-27,84.66,2018-05-27,2018-05-01
1812,5,2018-05-28,131.77,2018-05-28,2018-05-01
1813,5,2018-05-29,138.33,2018-05-29,2018-05-01
1814,5,2018-05-30,246.76,2018-05-30,2018-05-01
1815,5,2018-05-31,398.04,2018-05-31,2018-05-01
1816,9,2017-06-01,13.06,2017-06-01,2017-06-01
1817,9,2017-06-02,18.13,2017-06-02,2017-06-01
1818,9,2017-06-03,7.06,2017-06-03,2017-06-01
1819,9,2017-06-04,4.65,2017-06-04,2017-06-01
1820,9,2017-06-05,15.3,2017-06-05,2017-06-01
1821,9,2017-06-06,10.52,2017-06-06,2017-06-01
1822,9,2017-06-07,8.58,2017-06-07,2017-06-01
1823,9,2017-06-08,12.09,2017-06-08,2017-06-01
1824,9,2017-06-09,11.9,2017-06-09,2017-06-01
1825,9,2017-06-10,5.75,2017-06-10,2017-06-01
1826,9,2017-06-11,7.27,2017-06-11,2017-06-01
1827,9,2017-06-12,8.88,2017-06-12,2017-06-01
1828,9,2017-06-13,10.66,2017-06-13,2017-06-01
1829,9,2017-06-14,5.08,2017-06-14,2017-06-01
1830,9,2017-06-15,17.9,2017-06-15,2017-06-01
1831,9,2017-06-16,7.96,2017-06-16,2017-06-01
1832,9,2017-06-17,6.95,2017-06-17,2017-06-01
1833,9,2017-06-18,9.44,2017-06-18,2017-06-01
1834,9,2017-06-19,9.57,2017-06-19,2017-06-01
1835,9,2017-06-20,8.27,2017-06-20,2017-06-01
1836,9,2017-06-21,6.81,2017-06-21,2017-06-01
1837,9,2017-06-22,11.05,2017-06-22,2017-06-01
1838,9,2017-06-23,7.33,2017-06-23,2017-06-01
1839,9,2017-06-24,5.36,2017-06-24,2017-06-01
1840,9,2017-06-25,8.84,2017-06-25,2017-06-01
1841,9,2017-06-26,9.36,2017-06-26,2017-06-01
1842,9,2017-06-27,8.12,2017-06-27,2017-06-01
1843,9,2017-06-28,8.75,2017-06-28,2017-06-01
1844,9,2017-06-29,11.36,2017-06-29,2017-06-01
1845,9,2017-06-30,9.22,2017-06-30,2017-06-01
1846,9,2017-07-01,6.89,2017-07-01,2017-07-01
1847,9,2017-07-02,6.6,2017-07-02,2017-07-01
1848,9,2017-07-03,8.57,2017-07-03,2017-07-01
1849,9,2017-07-04,10.36,2017-07-04,2017-07-01
1850,9,2017-07-05,9.62,2017-07-05,2017-07-01
1851,9,2017-07-06,13.52,2017-07-06,2017-07-01
1852,9,2017-07-07,12.06,2017-07-07,2017-07-01
1853,9,2017-07-08,8.11,2017-07-08,2017-07-01
1854,9,2017-07-09,5.18,2017-07-09,2017-07-01
1855,9,2017-07-10,20.23,2017-07-10,2017-07-01
1856,9,2017-07-11,11.12,2017-07-11,2017-07-01
1857,9,2017-07-12,9.26,2017-07-12,2017-07-01
1858,9,2017-07-13,15.03,2017-07-13,2017-07-01
1859,9,2017-07-14,15.57,2017-07-14,2017-07-01
1860,9,2017-07-15,16.18,2017-07-15,2017-07-01
1861,9,2017-07-16,10.39,2017-07-16,2017-07-01
1862,9,2017-07-17,20.9,2017-07-17,2017-07-01
1863,9,2017-07-18,7.75,2017-07-18,2017-07-01
1864,9,2017-07-19,10.07,2017-07-19,2017-07-01
1865,9,2017-07-20,15.6,2017-07-20,2017-07-01
1866,9,2017-07-21,7.39,2017-07-21,2017-07-01
1867,9,2017-07-22,7.29,2017-07-22,2017-07-01
1868,9,2017-07-23,9.78,2017-07-23,2017-07-01
1869,9,2017-07-24,4.48,2017-07-24,2017-07-01
1870,9,2017-07-25,8.25,2017-07-25,2017-07-01
1871,9,2017-07-26,5.6,2017-07-26,2017-07-01
1872,9,2017-07-27,6.46,2017-07-27,2017-07-01
1873,9,2017-07-28,4.11,2017-07-28,2017-07-01
1874,9,2017-07-29,5.26,2017-07-29,2017-07-01
1875,9,2017-07-30,4.33,2017-07-30,2017-07-01
1876,9,2017-07-31,6.58,2017-07-31,2017-07-01
1877,9,2017-08-01,8.56,2017-08-01,2017-08-01
1878,9,2017-08-02,6.93,2017-08-02,2017-08-01
1879,9,2017-08-03,9.3,2017-08-03,2017-08-01
1880,9,2017-08-04,6.96,2017-08-04,2017-08-01
1881,9,2017-08-05,3.45,2017-08-05,2017-08-01
1882,9,2017-08-06,9.82,2017-08-06,2017-08-01
1883,9,2017-08-07,8.5,2017-08-07,2017-08-01
1884,9,2017-08-08,7.19,2017-08-08,2017-08-01
1885,9,2017-08-09,7.68,2017-08-09,2017-08-01
1886,9,2017-08-10,7.48,2017-08-10,2017-08-01
1887,9,2017-08-11,11.36,2017-08-11,2017-08-01
1888,9,2017-08-12,2.83,2017-08-12,2017-08-01
1889,9,2017-08-13,5.32,2017-08-13,2017-08-01
1890,9,2017-08-14,16.25,2017-08-14,2017-08-01
1891,9,2017-08-15,8.09,2017-08-15,2017-08-01
1892,9,2017-08-16,11.82,2017-08-16,2017-08-01
1893,9,2017-08-17,6.17,2017-08-17,2017-08-01
1894,9,2017-08-18,8.4,2017-08-18,2017-08-01
1895,9,2017-08-19,7.68,2017-08-19,2017-08-01
1896,9,2017-08-20,6.35,2017-08-20,2017-08-01
1897,9,2017-08-21,3.78,2017-08-21,2017-08-01
1898,9,2017-08-22,10.94,2017-08-22,2017-08-01
1899,9,2017-08-23,13.0,2017-08-23,2017-08-01
1900,9,2017-08-24,6.62,2017-08-24,2017-08-01
1901,9,2017-08-25,10.29,2017-08-25,2017-08-01
1902,9,2017-08-26,4.62,2017-08-26,2017-08-01
1903,9,2017-08-27,5.29,2017-08-27,2017-08-01
1904,9,2017-08-28,6.74,2017-08-28,2017-08-01
1905,9,2017-08-29,5.95,2017-08-29,2017-08-01
1906,9,2017-08-30,9.55,2017-08-30,2017-08-01
1907,9,2017-08-31,12.01,2017-08-31,2017-08-01
1908,9,2017-09-01,15.03,2017-09-01,2017-09-01
1909,9,2017-09-02,10.43,2017-09-02,2017-09-01
1910,9,2017-09-03,9.52,2017-09-03,2017-09-01
1911,9,2017-09-04,15.83,2017-09-04,2017-09-01
1912,9,2017-09-05,10.79,2017-09-05,2017-09-01
1913,9,2017-09-06,10.47,2017-09-06,2017-09-01
1914,9,2017-09-07,15.72,2017-09-07,2017-09-01
1915,9,2017-09-08,8.7,2017-09-08,2017-09-01
1916,9,2017-09-09,12.81,2017-09-09,2017-09-01
1917,9,2017-09-10,12.7,2017-09-10,2017-09-01
1918,9,2017-09-11,8.7,2017-09-11,2017-09-01
1919,9,2017-09-12,9.93,2017-09-12,2017-09-01
1920,9,2017-09-13,8.55,2017-09-13,2017-09-01
1921,9,2017-09-14,13.01,2017-09-14,2017-09-01
1922,9,2017-09-15,18.6,2017-09-15,2017-09-01
1923,9,2017-09-16,14.57,2017-09-16,2017-09-01
1924,9,2017-09-17,11.12,2017-09-17,2017-09-01
1925,9,2017-09-18,11.21,2017-09-18,2017-09-01
1926,9,2017-09-19,12.85,2017-09-19,2017-09-01
1927,9,2017-09-20,14.83,2017-09-20,2017-09-01
1928,9,2017-09-21,9.87,2017-09-21,2017-09-01
1929,9,2017-09-22,9.08,2017-09-22,2017-09-01
1930,9,2017-09-23,13.06,2017-09-23,2017-09-01
1931,9,2017-09-24,20.93,2017-09-24,2017-09-01
1932,9,2017-09-25,18.92,2017-09-25,2017-09-01
1933,9,2017-09-26,17.59,2017-09-26,2017-09-01
1934,9,2017-09-27,23.49,2017-09-27,2017-09-01
1935,9,2017-09-28,17.7,2017-09-28,2017-09-01
1936,9,2017-09-29,19.69,2017-09-29,2017-09-01
1937,9,2017-09-30,19.92,2017-09-30,2017-09-01
1938,9,2017-10-01,17.64,2017-10-01,2017-10-01
1939,9,2017-10-02,22.74,2017-10-02,2017-10-01
1940,9,2017-10-03,35.22,2017-10-03,2017-10-01
1941,9,2017-10-04,23.73,2017-10-04,2017-10-01
1942,9,2017-10-05,21.15,2017-10-05,2017-10-01
1943,9,2017-10-06,14.26,2017-10-06,2017-10-01
1944,9,2017-10-07,19.01,2017-10-07,2017-10-01
1945,9,2017-10-08,14.59,2017-10-08,2017-10-01
1946,9,2017-10-09,18.52,2017-10-09,2017-10-01
1947,9,2017-10-10,13.84,2017-10-10,2017-10-01
1948,9,2017-10-11,22.59,2017-10-11,2017-10-01
1949,9,2017-10-12,13.83,2017-10-12,2017-10-01
1950,9,2017-10-13,22.51,2017-10-13,2017-10-01
1951,9,2017-10-14,13.65,2017-10-14,2017-10-01
1952,9,2017-10-15,9.81,2017-10-15,2017-10-01
1953,9,2017-10-16,24.45,2017-10-16,2017-10-01
1954,9,2017-10-17,22.27,2017-10-17,2017-10-01
1955,9,2017-10-18,14.33,2017-10-18,2017-10-01
1956,9,2017-10-19,18.28,2017-10-19,2017-10-01
1957,9,2017-10-20,16.12,2017-10-20,2017-10-01
1958,9,2017-10-21,7.91,2017-10-21,2017-10-01
1959,9,2017-10-22,16.94,2017-10-22,2017-10-01
1960,9,2017-10-23,20.85,2017-10-23,2017-10-01
1961,9,2017-10-24,22.57,2017-10-24,2017-10-01
1962,9,2017-10-25,21.3,2017-10-25,2017-10-01
1963,9,2017-10-26,22.88,2017-10-26,2017-10-01
1964,9,2017-10-27,24.38,2017-10-27,2017-10-01
1965,9,2017-10-28,20.61,2017-10-28,2017-10-01
1966,9,2017-10-29,16.75,2017-10-29,2017-10-01
1967,9,2017-10-30,22.34,2017-10-30,2017-10-01
1968,9,2017-10-31,34.34,2017-10-31,2017-10-01
1969,9,2017-11-01,26.41,2017-11-01,2017-11-01
1970,9,2017-11-02,26.58,2017-11-02,2017-11-01
1971,9,2017-11-03,15.76,2017-11-03,2017-11-01
1972,9,2017-11-04,17.76,2017-11-04,2017-11-01
1973,9,2017-11-05,26.01,2017-11-05,2017-11-01
1974,9,2017-11-06,20.32,2017-11-06,2017-11-01
1975,9,2017-11-07,25.6,2017-11-07,2017-11-01
1976,9,2017-11-08,21.04,2017-11-08,2017-11-01
1977,9,2017-11-09,19.29,2017-11-09,2017-11-01
1978,9,2017-11-10,19.2,2017-11-10,2017-11-01
1979,9,2017-11-11,14.61,2017-11-11,2017-11-01
1980,9,2017-11-12,16.05,2017-11-12,2017-11-01
1981,9,2017-11-13,19.18,2017-11-13,2017-11-01
1982,9,2017-11-14,18.84,2017-11-14,2017-11-01
1983,9,2017-11-15,22.9,2017-11-15,2017-11-01
1984,9,2017-11-16,29.1,2017-11-16,2017-11-01
1985,9,2017-11-17,28.25,2017-11-17,2017-11-01
1986,9,2017-11-18,13.15,2017-11-18,2017-11-01
1987,9,2017-11-19,26.74,2017-11-19,2017-11-01
1988,9,2017-11-20,23.86,2017-11-20,2017-11-01
1989,9,2017-11-21,17.11,2017-11-21,2017-11-01
1990,9,2017-11-22,19.98,2017-11-22,2017-11-01
1991,9,2017-11-23,29.16,2017-11-23,2017-11-01
1992,9,2017-11-24,49.53,2017-11-24,2017-11-01
1993,9,2017-11-25,34.28,2017-11-25,2017-11-01
1994,9,2017-11-26,18.9,2017-11-26,2017-11-01
1995,9,2017-11-27,24.74,2017-11-27,2017-11-01
1996,9,2017-11-28,15.67,2017-11-28,2017-11-01
1997,9,2017-11-29,18.65,2017-11-29,2017-11-01
1998,9,2017-11-30,24.51,2017-11-30,2017-11-01
1999,9,2017-12-01,26.85,2017-12-01,2017-12-01
2000,9,2017-12-02,20.11,2017-12-02,2017-12-01
2001,9,2017-12-03,9.26,2017-12-03,2017-12-01
2002,9,2017-12-04,16.22,2017-12-04,2017-12-01
2003,9,2017-12-05,22.99,2017-12-05,2017-12-01
2004,9,2017-12-06,23.79,2017-12-06,2017-12-01
2005,9,2017-12-07,29.08,2017-12-07,2017-12-01
2006,9,2017-12-08,26.45,2017-12-08,2017-12-01
2007,9,2017-12-09,21.37,2017-12-09,2017-12-01
2008,9,2017-12-10,20.0,2017-12-10,2017-12-01
2009,9,2017-12-11,25.71,2017-12-11,2017-12-01
2010,9,2017-12-12,19.85,2017-12-12,2017-12-01
2011,9,2017-12-13,30.72,2017-12-13,2017-12-01
2012,9,2017-12-14,17.03,2017-12-14,2017-12-01
2013,9,2017-12-15,24.44,2017-12-15,2017-12-01
2014,9,2017-12-16,20.42,2017-12-16,2017-12-01
2015,9,2017-12-17,22.73,2017-12-17,2017-12-01
2016,9,2017-12-18,23.15,2017-12-18,2017-12-01
2017,9,2017-12-19,21.09,2017-12-19,2017-12-01
2018,9,2017-12-20,20.7,2017-12-20,2017-12-01
2019,9,2017-12-21,25.43,2017-12-21,2017-12-01
2020,9,2017-12-22,21.22,2017-12-22,2017-12-01
2021,9,2017-12-23,11.69,2017-12-23,2017-12-01
2022,9,2017-12-24,15.16,2017-12-24,2017-12-01
2023,9,2017-12-25,27.33,2017-12-25,2017-12-01
2024,9,2017-12-26,28.42,2017-12-26,2017-12-01
2025,9,2017-12-27,24.65,2017-12-27,2017-12-01
2026,9,2017-12-28,19.4,2017-12-28,2017-12-01
2027,9,2017-12-29,17.07,2017-12-29,2017-12-01
2028,9,2017-12-30,16.33,2017-12-30,2017-12-01
2029,9,2017-12-31,9.32,2017-12-31,2017-12-01
2030,9,2018-01-01,27.23,2018-01-01,2018-01-01
2031,9,2018-01-02,31.75,2018-01-02,2018-01-01
2032,9,2018-01-03,14.75,2018-01-03,2018-01-01
2033,9,2018-01-04,16.06,2018-01-04,2018-01-01
2034,9,2018-01-05,16.41,2018-01-05,2018-01-01
2035,9,2018-01-06,15.26,2018-01-06,2018-01-01
2036,9,2018-01-07,8.15,2018-01-07,2018-01-01
2037,9,2018-01-08,16.65,2018-01-08,2018-01-01
2038,9,2018-01-09,15.72,2018-01-09,2018-01-01
2039,9,2018-01-10,21.43,2018-01-10,2018-01-01
2040,9,2018-01-11,26.1,2018-01-11,2018-01-01
2041,9,2018-01-12,21.9,2018-01-12,2018-01-01
2042,9,2018-01-13,16.15,2018-01-13,2018-01-01
2043,9,2018-01-14,15.18,2018-01-14,2018-01-01
2044,9,2018-01-15,11.58,2018-01-15,2018-01-01
2045,9,2018-01-16,13.9,2018-01-16,2018-01-01
2046,9,2018-01-17,18.85,2018-01-17,2018-01-01
2047,9,2018-01-18,13.15,2018-01-18,2018-01-01
2048,9,2018-01-19,18.76,2018-01-19,2018-01-01
2049,9,2018-01-20,16.6,2018-01-20,2018-01-01
2050,9,2018-01-21,13.24,2018-01-21,2018-01-01
2051,9,2018-01-22,23.39,2018-01-22,2018-01-01
2052,9,2018-01-23,16.51,2018-01-23,2018-01-01
2053,9,2018-01-24,18.43,2018-01-24,2018-01-01
2054,9,2018-01-25,23.05,2018-01-25,2018-01-01
2055,9,2018-01-26,14.49,2018-01-26,2018-01-01
2056,9,2018-01-27,10.84,2018-01-27,2018-01-01
2057,9,2018-01-28,11.48,2018-01-28,2018-01-01
2058,9,2018-01-29,21.92,2018-01-29,2018-01-01
2059,9,2018-01-30,23.74,2018-01-30,2018-01-01
2060,9,2018-01-31,14.49,2018-01-31,2018-01-01
2061,9,2018-02-01,27.78,2018-02-01,2018-02-01
2062,9,2018-02-02,23.31,2018-02-02,2018-02-01
2063,9,2018-02-03,14.3,2018-02-03,2018-02-01
2064,9,2018-02-04,21.54,2018-02-04,2018-02-01
2065,9,2018-02-05,24.54,2018-02-05,2018-02-01
2066,9,2018-02-06,20.99,2018-02-06,2018-02-01
2067,9,2018-02-07,25.26,2018-02-07,2018-02-01
2068,9,2018-02-08,23.74,2018-02-08,2018-02-01
2069,9,2018-02-09,21.51,2018-02-09,2018-02-01
2070,9,2018-02-10,17.87,2018-02-10,2018-02-01
2071,9,2018-02-11,18.43,2018-02-11,2018-02-01
2072,9,2018-02-12,19.58,2018-02-12,2018-02-01
2073,9,2018-02-13,22.94,2018-02-13,2018-02-01
2074,9,2018-02-14,19.46,2018-02-14,2018-02-01
2075,9,2018-02-15,21.21,2018-02-15,2018-02-01
2076,9,2018-02-16,23.15,2018-02-16,2018-02-01
2077,9,2018-02-17,10.6,2018-02-17,2018-02-01
2078,9,2018-02-18,15.73,2018-02-18,2018-02-01
2079,9,2018-02-19,23.54,2018-02-19,2018-02-01
2080,9,2018-02-20,17.74,2018-02-20,2018-02-01
2081,9,2018-02-21,13.41,2018-02-21,2018-02-01
2082,9,2018-02-22,14.94,2018-02-22,2018-02-01
2083,9,2018-02-23,15.32,2018-02-23,2018-02-01
2084,9,2018-02-24,16.81,2018-02-24,2018-02-01
2085,9,2018-02-25,19.26,2018-02-25,2018-02-01
2086,9,2018-02-26,28.02,2018-02-26,2018-02-01
2087,9,2018-02-27,20.05,2018-02-27,2018-02-01
2088,9,2018-02-28,10.47,2018-02-28,2018-02-01
2089,9,2018-03-01,13.13,2018-03-01,2018-03-01
2090,9,2018-03-02,14.42,2018-03-02,2018-03-01
2091,9,2018-03-03,16.8,2018-03-03,2018-03-01
2092,9,2018-03-04,13.72,2018-03-04,2018-03-01
2093,9,2018-03-05,12.26,2018-03-05,2018-03-01
2094,9,2018-03-06,21.76,2018-03-06,2018-03-01
2095,9,2018-03-07,17.77,2018-03-07,2018-03-01
2096,9,2018-03-08,18.31,2018-03-08,2018-03-01
2097,9,2018-03-09,14.39,2018-03-09,2018-03-01
2098,9,2018-03-10,18.99,2018-03-10,2018-03-01
2099,9,2018-03-11,12.23,2018-03-11,2018-03-01
2100,9,2018-03-12,13.74,2018-03-12,2018-03-01
2101,9,2018-03-13,14.45,2018-03-13,2018-03-01
2102,9,2018-03-14,19.44,2018-03-14,2018-03-01
2103,9,2018-03-15,20.15,2018-03-15,2018-03-01
2104,9,2018-03-16,11.74,2018-03-16,2018-03-01
2105,9,2018-03-17,10.86,2018-03-17,2018-03-01
2106,9,2018-03-18,6.24,2018-03-18,2018-03-01
2107,9,2018-03-19,14.99,2018-03-19,2018-03-01
2108,9,2018-03-20,12.68,2018-03-20,2018-03-01
2109,9,2018-03-21,15.63,2018-03-21,2018-03-01
2110,9,2018-03-22,19.97,2018-03-22,2018-03-01
2111,9,2018-03-23,18.56,2018-03-23,2018-03-01
2112,9,2018-03-24,13.42,2018-03-24,2018-03-01
2113,9,2018-03-25,20.36,2018-03-25,2018-03-01
2114,9,2018-03-26,29.06,2018-03-26,2018-03-01
2115,9,2018-03-27,28.82,2018-03-27,2018-03-01
2116,9,2018-03-28,20.59,2018-03-28,2018-03-01
2117,9,2018-03-29,13.96,2018-03-29,2018-03-01
2118,9,2018-03-30,1.85,2018-03-30,2018-03-01
2119,9,2018-04-02,12.44,2018-04-02,2018-04-01
2120,9,2018-04-03,12.57,2018-04-03,2018-04-01
2121,9,2018-04-04,9.18,2018-04-04,2018-04-01
2122,9,2018-04-05,8.42,2018-04-05,2018-04-01
2123,9,2018-04-06,16.81,2018-04-06,2018-04-01
2124,9,2018-04-07,8.91,2018-04-07,2018-04-01
2125,9,2018-04-08,10.23,2018-04-08,2018-04-01
2126,9,2018-04-09,15.63,2018-04-09,2018-04-01
2127,9,2018-04-10,20.11,2018-04-10,2018-04-01
2128,9,2018-04-11,10.72,2018-04-11,2018-04-01
2129,9,2018-04-12,11.86,2018-04-12,2018-04-01
2130,9,2018-04-13,10.81,2018-04-13,2018-04-01
2131,9,2018-04-14,10.21,2018-04-14,2018-04-01
2132,9,2018-04-15,11.19,2018-04-15,2018-04-01
2133,9,2018-04-16,20.37,2018-04-16,2018-04-01
2134,9,2018-04-17,11.5,2018-04-17,2018-04-01
2135,9,2018-04-18,12.28,2018-04-18,2018-04-01
2136,9,2018-04-19,11.2,2018-04-19,2018-04-01
2137,9,2018-04-20,12.07,2018-04-20,2018-04-01
2138,9,2018-04-21,9.75,2018-04-21,2018-04-01
2139,9,2018-04-22,16.81,2018-04-22,2018-04-01
2140,9,2018-04-23,17.72,2018-04-23,2018-04-01
2141,9,2018-04-24,12.03,2018-04-24,2018-04-01
2142,9,2018-04-25,15.39,2018-04-25,2018-04-01
2143,9,2018-04-26,18.4,2018-04-26,2018-04-01
2144,9,2018-04-27,18.67,2018-04-27,2018-04-01
2145,9,2018-04-28,11.68,2018-04-28,2018-04-01
2146,9,2018-04-29,9.32,2018-04-29,2018-04-01
2147,9,2018-04-30,7.21,2018-04-30,2018-04-01
2148,9,2018-05-01,8.28,2018-05-01,2018-05-01
2149,9,2018-05-02,11.94,2018-05-02,2018-05-01
2150,9,2018-05-03,8.89,2018-05-03,2018-05-01
2151,9,2018-05-04,10.43,2018-05-04,2018-05-01
2152,9,2018-05-05,7.65,2018-05-05,2018-05-01
2153,9,2018-05-06,11.29,2018-05-06,2018-05-01
2154,9,2018-05-07,6.69,2018-05-07,2018-05-01
2155,9,2018-05-08,10.91,2018-05-08,2018-05-01
2156,9,2018-05-09,10.85,2018-05-09,2018-05-01
2157,9,2018-05-10,12.05,2018-05-10,2018-05-01
2158,9,2018-05-11,11.93,2018-05-11,2018-05-01
2159,9,2018-05-12,4.09,2018-05-12,2018-05-01
2160,9,2018-05-13,7.55,2018-05-13,2018-05-01
2161,9,2018-05-14,15.07,2018-05-14,2018-05-01
2162,9,2018-05-15,16.3,2018-05-15,2018-05-01
2163,9,2018-05-16,12.82,2018-05-16,2018-05-01
2164,9,2018-05-17,13.17,2018-05-17,2018-05-01
2165,9,2018-05-18,14.47,2018-05-18,2018-05-01
2166,9,2018-05-19,6.5,2018-05-19,2018-05-01
2167,9,2018-05-20,10.55,2018-05-20,2018-05-01
2168,9,2018-05-21,6.53,2018-05-21,2018-05-01
2169,9,2018-05-22,19.76,2018-05-22,2018-05-01
2170,9,2018-05-23,8.69,2018-05-23,2018-05-01
2171,9,2018-05-24,6.11,2018-05-24,2018-05-01
2172,9,2018-05-25,9.77,2018-05-25,2018-05-01
2173,9,2018-05-26,8.53,2018-05-26,2018-05-01
2174,9,2018-05-27,11.11,2018-05-27,2018-05-01
2175,9,2018-05-28,12.47,2018-05-28,2018-05-01
2176,9,2018-05-29,16.83,2018-05-29,2018-05-01
2177,9,2018-05-30,23.57,2018-05-30,2018-05-01
2178,9,2018-05-31,27.37,2018-05-31,2018-05-01
2179,10,2017-06-01,15.08,2017-06-01,2017-06-01
2180,10,2017-06-02,11.18,2017-06-02,2017-06-01
2181,10,2017-06-03,9.62,2017-06-03,2017-06-01
2182,10,2017-06-04,17.82,2017-06-04,2017-06-01
2183,10,2017-06-05,26.68,2017-06-05,2017-06-01
2184,10,2017-06-06,21.69,2017-06-06,2017-06-01
2185,10,2017-06-07,18.3,2017-06-07,2017-06-01
2186,10,2017-06-08,3.82,2017-06-08,2017-06-01
2187,10,2017-06-09,20.82,2017-06-09,2017-06-01
2188,10,2017-06-10,5.02,2017-06-10,2017-06-01
2189,10,2017-06-11,9.13,2017-06-11,2017-06-01
2190,10,2017-06-12,3.65,2017-06-12,2017-06-01
2191,10,2017-06-13,12.6,2017-06-13,2017-06-01
2192,10,2017-06-14,5.71,2017-06-14,2017-06-01
2193,10,2017-06-15,12.64,2017-06-15,2017-06-01
2194,10,2017-06-16,6.76,2017-06-16,2017-06-01
2195,10,2017-06-17,10.52,2017-06-17,2017-06-01
2196,10,2017-06-18,5.88,2017-06-18,2017-06-01
2197,10,2017-06-19,15.25,2017-06-19,2017-06-01
2198,10,2017-06-20,7.84,2017-06-20,2017-06-01
2199,10,2017-06-21,9.83,2017-06-21,2017-06-01
2200,10,2017-06-22,5.01,2017-06-22,2017-06-01
2201,10,2017-06-23,10.32,2017-06-23,2017-06-01
2202,10,2017-06-24,3.86,2017-06-24,2017-06-01
2203,10,2017-06-25,3.88,2017-06-25,2017-06-01
2204,10,2017-06-26,12.16,2017-06-26,2017-06-01
2205,10,2017-06-27,9.76,2017-06-27,2017-06-01
2206,10,2017-06-28,4.1,2017-06-28,2017-06-01
2207,10,2017-06-29,8.2,2017-06-29,2017-06-01
2208,10,2017-06-30,7.09,2017-06-30,2017-06-01
2209,10,2017-07-01,12.48,2017-07-01,2017-07-01
2210,10,2017-07-02,2.5,2017-07-02,2017-07-01
2211,10,2017-07-03,16.51,2017-07-03,2017-07-01
2212,10,2017-07-04,2.12,2017-07-04,2017-07-01
2213,10,2017-07-05,13.47,2017-07-05,2017-07-01
2214,10,2017-07-06,10.12,2017-07-06,2017-07-01
2215,10,2017-07-07,13.82,2017-07-07,2017-07-01
2216,10,2017-07-08,3.89,2017-07-08,2017-07-01
2217,10,2017-07-09,3.91,2017-07-09,2017-07-01
2218,10,2017-07-10,18.23,2017-07-10,2017-07-01
2219,10,2017-07-11,2.24,2017-07-11,2017-07-01
2220,10,2017-07-12,26.03,2017-07-12,2017-07-01
2221,10,2017-07-13,21.89,2017-07-13,2017-07-01
2222,10,2017-07-14,14.06,2017-07-14,2017-07-01
2223,10,2017-07-15,20.96,2017-07-15,2017-07-01
2224,10,2017-07-16,6.55,2017-07-16,2017-07-01
2225,10,2017-07-17,10.2,2017-07-17,2017-07-01
2226,10,2017-07-18,17.41,2017-07-18,2017-07-01
2227,10,2017-07-19,15.69,2017-07-19,2017-07-01
2228,10,2017-07-20,12.94,2017-07-20,2017-07-01
2229,10,2017-07-21,17.52,2017-07-21,2017-07-01
2230,10,2017-07-22,7.48,2017-07-22,2017-07-01
2231,10,2017-07-23,9.37,2017-07-23,2017-07-01
2232,10,2017-07-24,3.83,2017-07-24,2017-07-01
2233,10,2017-07-25,6.0,2017-07-25,2017-07-01
2234,10,2017-07-26,12.77,2017-07-26,2017-07-01
2235,10,2017-07-27,0.54,2017-07-27,2017-07-01
2236,10,2017-07-28,7.41,2017-07-28,2017-07-01
2237,10,2017-07-29,3.33,2017-07-29,2017-07-01
2238,10,2017-07-30,4.45,2017-07-30,2017-07-01
2239,10,2017-07-31,12.1,2017-07-31,2017-07-01
2240,10,2017-08-01,9.17,2017-08-01,2017-08-01
2241,10,2017-08-02,6.37,2017-08-02,2017-08-01
2242,10,2017-08-03,6.35,2017-08-03,2017-08-01
2243,10,2017-08-04,9.53,2017-08-04,2017-08-01
2244,10,2017-08-05,1.37,2017-08-05,2017-08-01
2245,10,2017-08-06,9.58,2017-08-06,2017-08-01
2246,10,2017-08-07,7.88,2017-08-07,2017-08-01
2247,10,2017-08-08,5.42,2017-08-08,2017-08-01
2248,10,2017-08-09,16.66,2017-08-09,2017-08-01
2249,10,2017-08-10,6.3,2017-08-10,2017-08-01
2250,10,2017-08-11,2.48,2017-08-11,2017-08-01
2251,10,2017-08-12,4.04,2017-08-12,2017-08-01
2252,10,2017-08-13,2.32,2017-08-13,2017-08-01
2253,10,2017-08-14,1.22,2017-08-14,2017-08-01
2254,10,2017-08-15,4.9,2017-08-15,2017-08-01
2255,10,2017-08-16,1.92,2017-08-16,2017-08-01
2256,10,2017-08-17,8.43,2017-08-17,2017-08-01
2257,10,2017-08-18,16.98,2017-08-18,2017-08-01
2258,10,2017-08-19,4.07,2017-08-19,2017-08-01
2259,10,2017-08-20,2.37,2017-08-20,2017-08-01
2260,10,2017-08-21,5.56,2017-08-21,2017-08-01
2261,10,2017-08-22,10.39,2017-08-22,2017-08-01
2262,10,2017-08-23,8.73,2017-08-23,2017-08-01
2263,10,2017-08-24,4.77,2017-08-24,2017-08-01
2264,10,2017-08-25,4.29,2017-08-25,2017-08-01
2265,10,2017-08-26,7.47,2017-08-26,2017-08-01
2266,10,2017-08-27,7.15,2017-08-27,2017-08-01
2267,10,2017-08-28,11.66,2017-08-28,2017-08-01
2268,10,2017-08-29,12.37,2017-08-29,2017-08-01
2269,10,2017-08-30,14.28,2017-08-30,2017-08-01
2270,10,2017-08-31,18.54,2017-08-31,2017-08-01
2271,10,2017-09-01,6.6,2017-09-01,2017-09-01
2272,10,2017-09-02,3.7,2017-09-02,2017-09-01
2273,10,2017-09-03,10.13,2017-09-03,2017-09-01
2274,10,2017-09-04,19.88,2017-09-04,2017-09-01
2275,10,2017-09-05,14.74,2017-09-05,2017-09-01
2276,10,2017-09-06,11.65,2017-09-06,2017-09-01
2277,10,2017-09-07,16.11,2017-09-07,2017-09-01
2278,10,2017-09-08,11.26,2017-09-08,2017-09-01
2279,10,2017-09-09,12.87,2017-09-09,2017-09-01
2280,10,2017-09-10,14.14,2017-09-10,2017-09-01
2281,10,2017-09-11,13.27,2017-09-11,2017-09-01
2282,10,2017-09-12,9.31,2017-09-12,2017-09-01
2283,10,2017-09-13,4.31,2017-09-13,2017-09-01
2284,10,2017-09-14,19.96,2017-09-14,2017-09-01
2285,10,2017-09-15,14.79,2017-09-15,2017-09-01
2286,10,2017-09-16,19.09,2017-09-16,2017-09-01
2287,10,2017-09-17,12.76,2017-09-17,2017-09-01
2288,10,2017-09-18,20.14,2017-09-18,2017-09-01
2289,10,2017-09-19,14.25,2017-09-19,2017-09-01
2290,10,2017-09-20,18.89,2017-09-20,2017-09-01
2291,10,2017-09-21,4.48,2017-09-21,2017-09-01
2292,10,2017-09-22,23.06,2017-09-22,2017-09-01
2293,10,2017-09-23,15.78,2017-09-23,2017-09-01
2294,10,2017-09-24,13.93,2017-09-24,2017-09-01
2295,10,2017-09-25,24.27,2017-09-25,2017-09-01
2296,10,2017-09-26,23.13,2017-09-26,2017-09-01
2297,10,2017-09-27,17.71,2017-09-27,2017-09-01
2298,10,2017-09-28,21.96,2017-09-28,2017-09-01
2299,10,2017-09-29,20.79,2017-09-29,2017-09-01
2300,10,2017-09-30,27.71,2017-09-30,2017-09-01
2301,10,2017-10-01,9.03,2017-10-01,2017-10-01
2302,10,2017-10-02,36.26,2017-10-02,2017-10-01
2303,10,2017-10-03,38.51,2017-10-03,2017-10-01
2304,10,2017-10-04,25.71,2017-10-04,2017-10-01
2305,10,2017-10-05,10.26,2017-10-05,2017-10-01
2306,10,2017-10-06,17.84,2017-10-06,2017-10-01
2307,10,2017-10-07,33.55,2017-10-07,2017-10-01
2308,10,2017-10-08,7.85,2017-10-08,2017-10-01
2309,10,2017-10-09,17.06,2017-10-09,2017-10-01
2310,10,2017-10-10,20.95,2017-10-10,2017-10-01
2311,10,2017-10-11,9.56,2017-10-11,2017-10-01
2312,10,2017-10-12,31.71,2017-10-12,2017-10-01
2313,10,2017-10-13,24.37,2017-10-13,2017-10-01
2314,10,2017-10-14,10.84,2017-10-14,2017-10-01
2315,10,2017-10-15,24.3,2017-10-15,2017-10-01
2316,10,2017-10-16,23.98,2017-10-16,2017-10-01
2317,10,2017-10-17,22.38,2017-10-17,2017-10-01
2318,10,2017-10-18,27.62,2017-10-18,2017-10-01
2319,10,2017-10-19,29.6,2017-10-19,2017-10-01
2320,10,2017-10-20,5.88,2017-10-20,2017-10-01
2321,10,2017-10-21,20.7,2017-10-21,2017-10-01
2322,10,2017-10-22,4.82,2017-10-22,2017-10-01
2323,10,2017-10-23,19.43,2017-10-23,2017-10-01
2324,10,2017-10-24,12.0,2017-10-24,2017-10-01
2325,10,2017-10-25,11.24,2017-10-25,2017-10-01
2326,10,2017-10-26,1.71,2017-10-26,2017-10-01
2327,10,2017-10-27,32.54,2017-10-27,2017-10-01
2328,10,2017-10-28,25.45,2017-10-28,2017-10-01
2329,10,2017-10-29,12.55,2017-10-29,2017-10-01
2330,10,2017-10-30,36.77,2017-10-30,2017-10-01
2331,10,2017-10-31,22.77,2017-10-31,2017-10-01
2332,10,2017-11-01,17.12,2017-11-01,2017-11-01
2333,10,2017-11-02,26.83,2017-11-02,2017-11-01
2334,10,2017-11-03,36.51,2017-11-03,2017-11-01
2335,10,2017-11-04,21.1,2017-11-04,2017-11-01
2336,10,2017-11-05,18.7,2017-11-05,2017-11-01
2337,10,2017-11-06,23.2,2017-11-06,2017-11-01
2338,10,2017-11-07,26.33,2017-11-07,2017-11-01
2339,10,2017-11-08,36.36,2017-11-08,2017-11-01
2340,10,2017-11-09,6.59,2017-11-09,2017-11-01
2341,10,2017-11-10,46.88,2017-11-10,2017-11-01
2342,10,2017-11-11,21.41,2017-11-11,2017-11-01
2343,10,2017-11-12,16.91,2017-11-12,2017-11-01
2344,10,2017-11-13,11.15,2017-11-13,2017-11-01
2345,10,2017-11-14,31.98,2017-11-14,2017-11-01
2346,10,2017-11-15,30.85,2017-11-15,2017-11-01
2347,10,2017-11-16,27.69,2017-11-16,2017-11-01
2348,10,2017-11-17,36.07,2017-11-17,2017-11-01
2349,10,2017-11-18,19.49,2017-11-18,2017-11-01
2350,10,2017-11-19,25.82,2017-11-19,2017-11-01
2351,10,2017-11-20,23.55,2017-11-20,2017-11-01
2352,10,2017-11-21,25.79,2017-11-21,2017-11-01
2353,10,2017-11-22,4.93,2017-11-22,2017-11-01
2354,10,2017-11-23,27.84,2017-11-23,2017-11-01
2355,10,2017-11-24,68.11,2017-11-24,2017-11-01
2356,10,2017-11-25,40.09,2017-11-25,2017-11-01
2357,10,2017-11-26,22.04,2017-11-26,2017-11-01
2358,10,2017-11-27,41.84,2017-11-27,2017-11-01
2359,10,2017-11-28,15.27,2017-11-28,2017-11-01
2360,10,2017-11-29,18.28,2017-11-29,2017-11-01
2361,10,2017-11-30,23.63,2017-11-30,2017-11-01
2362,10,2017-12-01,13.34,2017-12-01,2017-12-01
2363,10,2017-12-02,31.34,2017-12-02,2017-12-01
2364,10,2017-12-03,21.46,2017-12-03,2017-12-01
2365,10,2017-12-04,14.67,2017-12-04,2017-12-01
2366,10,2017-12-05,34.68,2017-12-05,2017-12-01
2367,10,2017-12-06,21.36,2017-12-06,2017-12-01
2368,10,2017-12-07,27.93,2017-12-07,2017-12-01
2369,10,2017-12-08,9.5,2017-12-08,2017-12-01
2370,10,2017-12-09,20.9,2017-12-09,2017-12-01
2371,10,2017-12-10,17.58,2017-12-10,2017-12-01
2372,10,2017-12-11,33.65,2017-12-11,2017-12-01
2373,10,2017-12-12,22.59,2017-12-12,2017-12-01
2374,10,2017-12-13,27.34,2017-12-13,2017-12-01
2375,10,2017-12-14,45.1,2017-12-14,2017-12-01
2376,10,2017-12-15,13.08,2017-12-15,2017-12-01
2377,10,2017-12-16,33.18,2017-12-16,2017-12-01
2378,10,2017-12-17,20.17,2017-12-17,2017-12-01
2379,10,2017-12-18,32.22,2017-12-18,2017-12-01
2380,10,2017-12-19,28.1,2017-12-19,2017-12-01
2381,10,2017-12-20,6.35,2017-12-20,2017-12-01
2382,10,2017-12-21,23.12,2017-12-21,2017-12-01
2383,10,2017-12-22,12.63,2017-12-22,2017-12-01
2384,10,2017-12-23,5.85,2017-12-23,2017-12-01
2385,10,2017-12-24,12.72,2017-12-24,2017-12-01
2386,10,2017-12-25,6.19,2017-12-25,2017-12-01
2387,10,2017-12-26,27.4,2017-12-26,2017-12-01
2388,10,2017-12-27,21.51,2017-12-27,2017-12-01
2389,10,2017-12-28,16.83,2017-12-28,2017-12-01
2390,10,2017-12-29,24.43,2017-12-29,2017-12-01
2391,10,2017-12-30,10.32,2017-12-30,2017-12-01
2392,10,2017-12-31,10.32,2017-12-31,2017-12-01
2393,10,2018-01-01,28.99,2018-01-01,2018-01-01
2394,10,2018-01-02,28.9,2018-01-02,2018-01-01
2395,10,2018-01-03,27.45,2018-01-03,2018-01-01
2396,10,2018-01-04,32.27,2018-01-04,2018-01-01
2397,10,2018-01-05,7.29,2018-01-05,2018-01-01
2398,10,2018-01-06,19.52,2018-01-06,2018-01-01
2399,10,2018-01-07,24.37,2018-01-07,2018-01-01
2400,10,2018-01-08,20.44,2018-01-08,2018-01-01
2401,10,2018-01-09,16.29,2018-01-09,2018-01-01
2402,10,2018-01-10,17.87,2018-01-10,2018-01-01
2403,10,2018-01-11,29.29,2018-01-11,2018-01-01
2404,10,2018-01-12,18.6,2018-01-12,2018-01-01
2405,10,2018-01-13,6.4,2018-01-13,2018-01-01
2406,10,2018-01-14,14.36,2018-01-14,2018-01-01
2407,10,2018-01-15,21.2,2018-01-15,2018-01-01
2408,10,2018-01-16,9.89,2018-01-16,2018-01-01
2409,10,2018-01-17,23.92,2018-01-17,2018-01-01
2410,10,2018-01-18,16.48,2018-01-18,2018-01-01
2411,10,2018-01-19,10.57,2018-01-19,2018-01-01
2412,10,2018-01-20,11.53,2018-01-20,2018-01-01
2413,10,2018-01-21,14.21,2018-01-21,2018-01-01
2414,10,2018-01-22,25.63,2018-01-22,2018-01-01
2415,10,2018-01-23,12.87,2018-01-23,2018-01-01
2416,10,2018-01-24,22.02,2018-01-24,2018-01-01
2417,10,2018-01-25,37.58,2018-01-25,2018-01-01
2418,10,2018-01-26,30.38,2018-01-26,2018-01-01
2419,10,2018-01-27,22.19,2018-01-27,2018-01-01
2420,10,2018-01-28,28.49,2018-01-28,2018-01-01
2421,10,2018-01-29,1.64,2018-01-29,2018-01-01
2422,10,2018-01-30,28.18,2018-01-30,2018-01-01
2423,10,2018-01-31,5.53,2018-01-31,2018-01-01
2424,10,2018-02-01,32.07,2018-02-01,2018-02-01
2425,10,2018-02-02,12.19,2018-02-02,2018-02-01
2426,10,2018-02-03,18.37,2018-02-03,2018-02-01
2427,10,2018-02-04,23.81,2018-02-04,2018-02-01
2428,10,2018-02-05,21.04,2018-02-05,2018-02-01
2429,10,2018-02-06,14.56,2018-02-06,2018-02-01
2430,10,2018-02-07,17.41,2018-02-07,2018-02-01
2431,10,2018-02-08,26.39,2018-02-08,2018-02-01
2432,10,2018-02-09,17.42,2018-02-09,2018-02-01
2433,10,2018-02-10,18.37,2018-02-10,2018-02-01
2434,10,2018-02-11,16.63,2018-02-11,2018-02-01
2435,10,2018-02-12,20.87,2018-02-12,2018-02-01
2436,10,2018-02-13,19.74,2018-02-13,2018-02-01
2437,10,2018-02-14,39.02,2018-02-14,2018-02-01
2438,10,2018-02-15,9.2,2018-02-15,2018-02-01
2439,10,2018-02-16,21.62,2018-02-16,2018-02-01
2440,10,2018-02-17,18.86,2018-02-17,2018-02-01
2441,10,2018-02-18,14.07,2018-02-18,2018-02-01
2442,10,2018-02-19,18.21,2018-02-19,2018-02-01
2443,10,2018-02-20,12.86,2018-02-20,2018-02-01
2444,10,2018-02-21,8.08,2018-02-21,2018-02-01
2445,10,2018-02-22,16.01,2018-02-22,2018-02-01
2446,10,2018-02-23,15.7,2018-02-23,2018-02-01
2447,10,2018-02-24,2.57,2018-02-24,2018-02-01
2448,10,2018-02-25,10.16,2018-02-25,2018-02-01
2449,10,2018-02-26,17.79,2018-02-26,2018-02-01
2450,10,2018-02-27,6.94,2018-02-27,2018-02-01
2451,10,2018-02-28,10.92,2018-02-28,2018-02-01
2452,10,2018-03-01,9.86,2018-03-01,2018-03-01
2453,10,2018-03-02,25.15,2018-03-02,2018-03-01
2454,10,2018-03-03,15.05,2018-03-03,2018-03-01
2455,10,2018-03-04,11.81,2018-03-04,2018-03-01
2456,10,2018-03-05,11.84,2018-03-05,2018-03-01
2457,10,2018-03-06,20.18,2018-03-06,2018-03-01
2458,10,2018-03-07,25.92,2018-03-07,2018-03-01
2459,10,2018-03-08,17.08,2018-03-08,2018-03-01
2460,10,2018-03-09,28.27,2018-03-09,2018-03-01
2461,10,2018-03-10,19.43,2018-03-10,2018-03-01
2462,10,2018-03-11,7.4,2018-03-11,2018-03-01
2463,10,2018-03-12,27.13,2018-03-12,2018-03-01
2464,10,2018-03-13,14.97,2018-03-13,2018-03-01
2465,10,2018-03-14,13.86,2018-03-14,2018-03-01
2466,10,2018-03-15,29.49,2018-03-15,2018-03-01
2467,10,2018-03-16,14.78,2018-03-16,2018-03-01
2468,10,2018-03-17,11.67,2018-03-17,2018-03-01
2469,10,2018-03-18,5.95,2018-03-18,2018-03-01
2470,10,2018-03-19,20.3,2018-03-19,2018-03-01
2471,10,2018-03-20,29.1,2018-03-20,2018-03-01
2472,10,2018-03-21,17.07,2018-03-21,2018-03-01
2473,10,2018-03-22,9.54,2018-03-22,2018-03-01
2474,10,2018-03-23,21.48,2018-03-23,2018-03-01
2475,10,2018-03-24,21.94,2018-03-24,2018-03-01
2476,10,2018-03-25,16.25,2018-03-25,2018-03-01
2477,10,2018-03-26,34.3,2018-03-26,2018-03-01
2478,10,2018-03-27,14.43,2018-03-27,2018-03-01
2479,10,2018-03-28,9.29,2018-03-28,2018-03-01
2480,10,2018-03-29,20.88,2018-03-29,2018-03-01
2481,10,2018-03-30,1.99,2018-03-30,2018-03-01
2482,10,2018-04-02,21.25,2018-04-02,2018-04-01
2483,10,2018-04-03,23.96,2018-04-03,2018-04-01
2484,10,2018-04-04,4.87,2018-04-04,2018-04-01
2485,10,2018-04-05,17.33,2018-04-05,2018-04-01
2486,10,2018-04-06,6.84,2018-04-06,2018-04-01
2487,10,2018-04-07,3.36,2018-04-07,2018-04-01
2488,10,2018-04-08,7.3,2018-04-08,2018-04-01
2489,10,2018-04-09,16.25,2018-04-09,2018-04-01
2490,10,2018-04-10,7.31,2018-04-10,2018-04-01
2491,10,2018-04-11,14.95,2018-04-11,2018-04-01
2492,10,2018-04-12,19.78,2018-04-12,2018-04-01
2493,10,2018-04-13,9.33,2018-04-13,2018-04-01
2494,10,2018-04-14,8.97,2018-04-14,2018-04-01
2495,10,2018-04-15,10.28,2018-04-15,2018-04-01
2496,10,2018-04-16,13.52,2018-04-16,2018-04-01
2497,10,2018-04-17,8.65,2018-04-17,2018-04-01
2498,10,2018-04-18,13.68,2018-04-18,2018-04-01
2499,10,2018-04-19,18.97,2018-04-19,2018-04-01
2500,10,2018-04-20,9.13,2018-04-20,2018-04-01
2501,10,2018-04-21,11.53,2018-04-21,2018-04-01
2502,10,2018-04-22,12.36,2018-04-22,2018-04-01
2503,10,2018-04-23,16.16,2018-04-23,2018-04-01
2504,10,2018-04-24,26.1,2018-04-24,2018-04-01
2505,10,2018-04-25,23.16,2018-04-25,2018-04-01
2506,10,2018-04-26,14.43,2018-04-26,2018-04-01
2507,10,2018-04-27,18.68,2018-04-27,2018-04-01
2508,10,2018-04-28,9.66,2018-04-28,2018-04-01
2509,10,2018-04-29,5.21,2018-04-29,2018-04-01
2510,10,2018-04-30,15.23,2018-04-30,2018-04-01
2511,10,2018-05-01,10.02,2018-05-01,2018-05-01
2512,10,2018-05-02,3.5,2018-05-02,2018-05-01
2513,10,2018-05-03,5.35,2018-05-03,2018-05-01
2514,10,2018-05-04,23.06,2018-05-04,2018-05-01
2515,10,2018-05-05,16.41,2018-05-05,2018-05-01
2516,10,2018-05-06,17.36,2018-05-06,2018-05-01
2517,10,2018-05-07,9.08,2018-05-07,2018-05-01
2518,10,2018-05-08,8.09,2018-05-08,2018-05-01
2519,10,2018-05-09,10.63,2018-05-09,2018-05-01
2520,10,2018-05-10,8.16,2018-05-10,2018-05-01
2521,10,2018-05-11,13.23,2018-05-11,2018-05-01
2522,10,2018-05-12,13.54,2018-05-12,2018-05-01
2523,10,2018-05-13,6.94,2018-05-13,2018-05-01
2524,10,2018-05-14,13.02,2018-05-14,2018-05-01
2525,10,2018-05-15,14.07,2018-05-15,2018-05-01
2526,10,2018-05-16,6.42,2018-05-16,2018-05-01
2527,10,2018-05-17,13.66,2018-05-17,2018-05-01
2528,10,2018-05-18,15.51,2018-05-18,2018-05-01
2529,10,2018-05-19,18.33,2018-05-19,2018-05-01
2530,10,2018-05-20,6.46,2018-05-20,2018-05-01
2531,10,2018-05-21,13.76,2018-05-21,2018-05-01
2532,10,2018-05-22,21.7,2018-05-22,2018-05-01
2533,10,2018-05-23,7.42,2018-05-23,2018-05-01
2534,10,2018-05-24,10.79,2018-05-24,2018-05-01
2535,10,2018-05-25,22.21,2018-05-25,2018-05-01
2536,10,2018-05-26,7.89,2018-05-26,2018-05-01
2537,10,2018-05-27,9.92,2018-05-27,2018-05-01
2538,10,2018-05-28,21.26,2018-05-28,2018-05-01
2539,10,2018-05-29,11.32,2018-05-29,2018-05-01
2540,10,2018-05-30,33.15,2018-05-30,2018-05-01
2541,10,2018-05-31,17.6,2018-05-31,2018-05-01
